vID,sID,week,dateIN-OUT,temp,invasion,block,cageID,rep,PAL-M,PAL-F,RUB-M,RUB-F,BIR-M,PST-M,PAN-M,unID-F,Asobara,Diapriid,all-F
1,S0.1,INIT1,0712-0722,CTRL,CLOSED,B1,C-01,A,10,NA,4,NA,1,2,NA,NA,45,1,22
2,S0.1,INIT1,0712-0722,CTRL,CLOSED,B1,C-01,B,NA,NA,NA,NA,NA,NA,NA,NA,NA,NA,NA
3,S0.1,INIT1,0712-0722,CTRL,CLOSED,B1,C-01,C,NA,NA,NA,NA,NA,NA,NA,NA,NA,NA,NA
4,S0.1,INIT1,0712-0722,CTRL,CLOSED,B1,C-02,A,4,NA,8,NA,0,1,NA,NA,13,0,19
5,S0.1,INIT1,0712-0722,CTRL,CLOSED,B1,C-02,B,10,NA,9,NA,0,2,NA,NA,5,0,18
6,S0.1,INIT1,0712-0722,CTRL,CLOSED,B1,C-02,C,3,NA,16,NA,0,0,NA,NA,17,0,25
7,S0.1,INIT1,0712-0722,CTRL,CLOSED,B1,C-03,A,NA,NA,NA,NA,NA,NA,NA,NA,NA,NA,NA
8,S0.1,INIT1,0712-0722,CTRL,CLOSED,B1,C-03,B,10,NA,3,NA,0,7,NA,NA,28,0,22
9,S0.1,INIT1,0712-0722,CTRL,CLOSED,B1,C-03,C,NA,NA,NA,NA,NA,NA,NA,NA,NA,NA,NA
10,S0.1,INIT1,0712-0722,CTRL,CLOSED,B1,C-04,A,4,NA,14,NA,0,1,NA,NA,29,0,19
11,S0.1,INIT1,0712-0722,CTRL,CLOSED,B1,C-04,B,4,NA,12,NA,0,3,NA,NA,44,0,17
12,S0.1,INIT1,0712-0722,CTRL,CLOSED,B1,C-04,C,6,NA,9,NA,0,0,NA,NA,37,3,18
13,S0.1,INIT1,0712-0722,CTRL,CLOSED,B1,C-05,A,14,NA,12,NA,0,1,NA,NA,9,0,22
14,S0.1,INIT1,0712-0722,CTRL,CLOSED,B1,C-05,B,22,NA,7,NA,1,4,NA,NA,18,0,32
15,S0.1,INIT1,0712-0722,CTRL,CLOSED,B1,C-05,C,2,NA,12,NA,1,3,NA,NA,17,0,27
16,S0.1,INIT1,0712-0722,CTRL,CLOSED,B1,C-06,A,9,NA,6,NA,3,4,NA,NA,40,1,20
17,S0.1,INIT1,0712-0722,CTRL,CLOSED,B1,C-06,B,8,NA,8,NA,1,3,NA,NA,39,0,23
18,S0.1,INIT1,0712-0722,CTRL,CLOSED,B1,C-06,C,4,NA,13,NA,0,1,NA,NA,19,0,17
19,S0.1,INIT1,0712-0722,CTRL,CLOSED,B1,C-07,A,6,NA,9,NA,0,2,NA,NA,20,0,19
20,S0.1,INIT1,0712-0722,CTRL,CLOSED,B1,C-07,B,11,NA,0,NA,0,2,NA,NA,35,2,9
21,S0.1,INIT1,0712-0722,CTRL,CLOSED,B1,C-07,C,24,NA,5,NA,0,2,NA,NA,11,0,24
22,S0.1,INIT1,0712-0722,CTRL,CLOSED,B1,C-08,A,3,NA,7,NA,0,4,NA,NA,29,0,27
23,S0.1,INIT1,0712-0722,CTRL,CLOSED,B1,C-08,B,21,NA,6,NA,0,2,NA,NA,35,0,21
24,S0.1,INIT1,0712-0722,CTRL,CLOSED,B1,C-08,C,15,NA,5,NA,1,1,NA,NA,20,0,25
25,S0.1,INIT1,0712-0722,CTRL,CLOSED,B1,C-09,A,8,NA,9,NA,0,1,NA,NA,28,0,19
26,S0.1,INIT1,0712-0722,CTRL,CLOSED,B1,C-09,B,6,NA,9,NA,1,1,NA,NA,23,1,22
27,S0.1,INIT1,0712-0722,CTRL,CLOSED,B1,C-09,C,5,NA,9,NA,0,2,NA,NA,21,0,24
28,S0.1,INIT1,0712-0722,CTRL,CLOSED,B1,C-10,A,8,NA,0,NA,0,1,NA,NA,49,1,8
29,S0.1,INIT1,0712-0722,CTRL,CLOSED,B1,C-10,B,1,NA,14,NA,0,1,NA,NA,12,0,14
30,S0.1,INIT1,0712-0722,CTRL,CLOSED,B1,C-10,C,11,NA,0,NA,1,2,NA,NA,33,0,9
31,S0.1,INIT1,0712-0722,CTRL,CLOSED,B1,C-11,A,0,NA,9,NA,0,0,NA,NA,18,0,16
32,S0.1,INIT1,0712-0722,CTRL,CLOSED,B1,C-11,B,4,NA,5,NA,2,6,NA,NA,29,0,12
33,S0.1,INIT1,0712-0722,CTRL,CLOSED,B1,C-11,C,0,NA,11,NA,0,1,NA,NA,14,0,16
34,S0.1,INIT1,0712-0722,CTRL,CLOSED,B1,C-12,A,10,NA,12,NA,0,4,NA,NA,19,0,43
35,S0.1,INIT1,0712-0722,CTRL,CLOSED,B1,C-12,B,8,NA,8,NA,1,2,NA,NA,36,1,21
36,S0.1,INIT1,0712-0722,CTRL,CLOSED,B1,C-12,C,1,NA,14,NA,0,7,NA,NA,15,0,13
37,S0.1,INIT1,0712-0722,CTRL,CLOSED,B1,C-13,A,4,NA,5,NA,0,4,NA,NA,43,5,25
38,S0.1,INIT1,0712-0722,CTRL,CLOSED,B1,C-13,B,14,NA,10,NA,0,3,NA,NA,29,1,15
39,S0.1,INIT1,0712-0722,CTRL,CLOSED,B1,C-13,C,2,NA,13,NA,0,6,NA,NA,28,3,22
40,S0.1,INIT1,0712-0722,CTRL,CLOSED,B1,C-14,A,7,NA,0,NA,1,4,NA,NA,36,0,12
41,S0.1,INIT1,0712-0722,CTRL,CLOSED,B1,C-14,B,9,NA,6,NA,1,8,NA,NA,40,1,24
42,S0.1,INIT1,0712-0722,CTRL,CLOSED,B1,C-14,C,0,NA,6,NA,0,3,NA,NA,34,0,11
43,S0.1,INIT1,0712-0722,CTRL,CLOSED,B1,C-15,A,2,NA,2,NA,0,7,NA,NA,39,0,14
44,S0.1,INIT1,0712-0722,CTRL,CLOSED,B1,C-15,B,1,NA,12,NA,0,6,NA,NA,25,0,20
45,S0.1,INIT1,0712-0722,CTRL,CLOSED,B1,C-15,C,3,NA,4,NA,0,8,NA,NA,44,1,8
46,S0.1,INIT1,0712-0722,CTRL,CLOSED,B1,C-16,A,7,NA,0,NA,1,0,NA,NA,54,2,11
47,S0.1,INIT1,0712-0722,CTRL,CLOSED,B1,C-16,B,1,NA,6,NA,1,2,NA,NA,46,0,8
48,S0.1,INIT1,0712-0722,CTRL,CLOSED,B1,C-16,C,7,NA,12,NA,0,2,NA,NA,12,0,12
49,S0.1,INIT1,0712-0722,CTRL,CLOSED,B1,C-17,A,0,NA,13,NA,0,2,NA,NA,12,0,10
50,S0.1,INIT1,0712-0722,CTRL,CLOSED,B1,C-17,B,1,NA,6,NA,0,3,NA,NA,30,0,19
51,S0.1,INIT1,0712-0722,CTRL,CLOSED,B1,C-17,C,5,NA,6,NA,0,3,NA,NA,26,0,18
52,S0.1,INIT1,0712-0722,CTRL,CLOSED,B1,C-18,A,11,NA,2,NA,2,4,NA,NA,9,1,27
53,S0.1,INIT1,0712-0722,CTRL,CLOSED,B1,C-18,B,5,NA,6,NA,0,1,NA,NA,20,0,9
54,S0.1,INIT1,0712-0722,CTRL,CLOSED,B1,C-18,C,11,NA,7,NA,1,1,NA,NA,15,0,15
55,S0.2,INIT3,,CTRL,CLOSED,B1,C-01,A,19,23,2,1,4,0,NA,5,10,3,NA
56,S0.2,INIT3,,CTRL,CLOSED,B1,C-01,B,21,24,4,5,0,0,NA,1,8,1,NA
57,S0.2,INIT3,,CTRL,CLOSED,B1,C-01,C,19,27,1,4,1,2,NA,1,8,0,NA
58,S0.2,INIT3,,CTRL,CLOSED,B1,C-02,A,25,30,0,0,0,0,NA,1,6,0,NA
59,S0.2,INIT3,,CTRL,CLOSED,B1,C-02,B,14,17,0,0,1,3,NA,3,6,0,NA
60,S0.2,INIT3,,CTRL,CLOSED,B1,C-02,C,27,36,0,0,0,2,NA,2,2,1,NA
61,S0.2,INIT3,,CTRL,CLOSED,B1,C-03,A,16,26,0,0,1,6,NA,5,18,7,NA
62,S0.2,INIT3,,CTRL,CLOSED,B1,C-03,B,9,13,4,5,1,0,NA,6,29,2,NA
63,S0.2,INIT3,,CTRL,CLOSED,B1,C-03,C,22,22,2,2,1,3,NA,4,5,2,NA
64,S0.2,INIT3,,CTRL,CLOSED,B1,C-04,A,20,25,1,1,2,5,NA,4,18,1,NA
65,S0.2,INIT3,,CTRL,CLOSED,B1,C-04,B,18,19,1,5,3,2,NA,2,12,4,NA
66,S0.2,INIT3,,CTRL,CLOSED,B1,C-04,C,35,31,0,1,0,2,NA,1,5,2,NA
67,S0.2,INIT3,,CTRL,CLOSED,B1,C-05,A,16,21,3,6,0,9,NA,6,20,3,NA
68,S0.2,INIT3,,CTRL,CLOSED,B1,C-05,B,17,31,0,0,1,0,NA,1,6,2,NA
69,S0.2,INIT3,,CTRL,CLOSED,B1,C-05,C,8,8,5,6,0,0,NA,1,6,1,NA
70,S0.2,INIT3,,CTRL,CLOSED,B1,C-06,A,14,25,0,0,8,2,NA,6,13,1,NA
71,S0.2,INIT3,,CTRL,CLOSED,B1,C-06,B,17,26,0,0,0,0,NA,0,9,2,NA
72,S0.2,INIT3,,CTRL,CLOSED,B1,C-06,C,19,24,1,2,0,1,NA,4,11,1,NA
73,S0.2,INIT3,,CTRL,CLOSED,B1,C-07,A,22,21,1,2,1,4,NA,1,8,1,NA
74,S0.2,INIT3,,CTRL,CLOSED,B1,C-07,B,12,25,0,0,0,2,NA,2,7,0,NA
75,S0.2,INIT3,,CTRL,CLOSED,B1,C-07,C,26,29,0,1,1,3,NA,4,1,1,NA
76,S0.2,INIT3,,CTRL,CLOSED,B1,C-08,A,24,29,1,1,1,1,NA,3,11,2,NA
77,S0.2,INIT3,,CTRL,CLOSED,B1,C-08,B,22,21,3,2,0,3,NA,5,6,3,NA
78,S0.2,INIT3,,CTRL,CLOSED,B1,C-08,C,9,13,0,0,1,0,NA,7,20,8,NA
79,S0.2,INIT3,,CTRL,CLOSED,B1,C-09,A,31,29,0,0,0,3,NA,8,3,4,NA
80,S0.2,INIT3,,CTRL,CLOSED,B1,C-09,B,26,23,1,1,0,0,NA,2,10,1,NA
81,S0.2,INIT3,,CTRL,CLOSED,B1,C-09,C,28,31,0,0,1,2,NA,6,4,2,NA
82,S0.2,INIT3,,CTRL,CLOSED,B1,C-10,A,21,18,1,4,3,1,NA,4,27,3,NA
83,S0.2,INIT3,,CTRL,CLOSED,B1,C-10,B,19,25,1,1,1,7,NA,5,6,3,NA
84,S0.2,INIT3,,CTRL,CLOSED,B1,C-10,C,15,25,0,2,0,0,NA,2,11,0,NA
85,S0.2,INIT3,,CTRL,CLOSED,B1,C-11,A,21,20,2,1,0,0,NA,1,8,0,NA
86,S0.2,INIT3,,CTRL,CLOSED,B1,C-11,B,16,18,0,0,1,4,NA,9,9,2,NA
87,S0.2,INIT3,,CTRL,CLOSED,B1,C-11,C,15,22,3,3,1,1,NA,3,13,2,NA
88,S0.2,INIT3,,CTRL,CLOSED,B1,C-12,A,21,26,3,1,0,0,NA,2,7,0,NA
89,S0.2,INIT3,,CTRL,CLOSED,B1,C-12,B,23,25,2,0,1,0,NA,0,13,0,NA
90,S0.2,INIT3,,CTRL,CLOSED,B1,C-12,C,24,35,0,0,8,2,NA,4,2,0,NA
91,S0.2,INIT3,,CTRL,CLOSED,B1,C-13,A,12,20,4,4,2,3,NA,5,14,4,NA
92,S0.2,INIT3,,CTRL,CLOSED,B1,C-13,B,16,25,4,0,0,3,NA,2,13,3,NA
93,S0.2,INIT3,,CTRL,CLOSED,B1,C-13,C,16,22,7,3,0,2,NA,11,9,0,NA
94,S0.2,INIT3,,CTRL,CLOSED,B1,C-14,A,3,10,11,8,2,0,NA,3,3,0,NA
95,S0.2,INIT3,,CTRL,CLOSED,B1,C-14,B,6,9,0,0,3,2,NA,7,28,12,NA
96,S0.2,INIT3,,CTRL,CLOSED,B1,C-14,C,10,18,0,0,3,0,NA,1,13,11,NA
97,S0.2,INIT3,,CTRL,CLOSED,B1,C-15,A,12,15,2,1,0,4,NA,15,16,1,NA
98,S0.2,INIT3,,CTRL,CLOSED,B1,C-15,B,14,10,3,3,6,2,NA,11,8,6,NA
99,S0.2,INIT3,,CTRL,CLOSED,B1,C-15,C,30,22,0,0,3,1,NA,1,9,2,NA
100,S0.2,INIT3,,CTRL,CLOSED,B1,C-16,A,23,20,5,5,2,5,NA,8,4,3,NA
101,S0.2,INIT3,,CTRL,CLOSED,B1,C-16,B,16,25,1,2,0,4,NA,6,6,3,NA
102,S0.2,INIT3,,CTRL,CLOSED,B1,C-16,C,38,21,2,0,4,2,NA,5,3,0,NA
103,S0.2,INIT3,,CTRL,CLOSED,B1,C-17,A,22,35,2,2,2,3,NA,3,1,3,NA
104,S0.2,INIT3,,CTRL,CLOSED,B1,C-17,B,12,17,8,11,0,4,NA,2,1,0,NA
105,S0.2,INIT3,,CTRL,CLOSED,B1,C-17,C,13,11,6,10,0,7,NA,5,8,1,NA
106,S0.2,INIT3,,CTRL,CLOSED,B1,C-18,A,14,14,2,3,2,1,NA,2,14,2,NA
107,S0.2,INIT3,,CTRL,CLOSED,B1,C-18,B,11,12,3,4,0,1,NA,2,23,1,NA
108,S0.2,INIT3,,CTRL,CLOSED,B1,C-18,C,8,16,0,0,2,3,NA,2,37,5,NA
109,S0.3,DEV1,,CTRL,CLOSED,B1,C-01,A,19,28,0,0,3,2,NA,6,20,4,NA
110,S0.3,DEV1,,CTRL,CLOSED,B1,C-01,B,32,24,1,3,1,0,NA,2,6,6,NA
111,S0.3,DEV1,,CTRL,CLOSED,B1,C-01,C,19,16,2,1,2,0,NA,3,33,20,NA
112,S0.3,DEV1,,CTRL,CLOSED,B1,C-02,A,25,38,0,0,3,0,NA,2,8,2,NA
113,S0.3,DEV1,,CTRL,CLOSED,B1,C-02,B,29,32,0,1,3,0,NA,2,2,2,NA
114,S0.3,DEV1,,CTRL,CLOSED,B1,C-02,C,20,20,1,0,2,0,NA,11,3,10,NA
115,S0.3,DEV1,,CTRL,CLOSED,B1,C-03,A,29,30,2,1,0,0,NA,1,2,5,NA
116,S0.3,DEV1,,CTRL,CLOSED,B1,C-03,B,26,22,0,1,0,4,NA,0,9,4,NA
117,S0.3,DEV1,,CTRL,CLOSED,B1,C-03,C,25,15,1,2,1,0,NA,1,11,6,NA
118,S0.3,DEV1,,CTRL,CLOSED,B1,C-04,A,27,31,1,2,0,4,NA,1,13,1,NA
119,S0.3,DEV1,,CTRL,CLOSED,B1,C-04,B,25,23,0,2,1,5,NA,4,10,8,NA
120,S0.3,DEV1,,CTRL,CLOSED,B1,C-04,C,4,7,7,8,0,3,NA,2,11,12,NA
121,S0.3,DEV1,,CTRL,CLOSED,B1,C-05,A,19,19,0,1,0,4,NA,2,22,5,NA
122,S0.3,DEV1,,CTRL,CLOSED,B1,C-05,B,28,32,2,3,0,2,NA,1,8,4,NA
123,S0.3,DEV1,,CTRL,CLOSED,B1,C-05,C,10,23,0,0,0,1,NA,5,19,4,NA
124,S0.3,DEV1,,CTRL,CLOSED,B1,C-06,A,20,12,5,6,6,6,NA,8,3,7,NA
125,S0.3,DEV1,,CTRL,CLOSED,B1,C-06,B,32,31,1,2,1,1,NA,3,4,0,NA
126,S0.3,DEV1,,CTRL,CLOSED,B1,C-06,C,27,21,0,0,0,2,NA,4,5,5,NA
127,S0.3,DEV1,,CTRL,CLOSED,B1,C-07,A,15,22,3,1,0,4,NA,1,9,0,NA
128,S0.3,DEV1,,CTRL,CLOSED,B1,C-07,B,18,28,0,0,1,1,NA,7,21,3,NA
129,S0.3,DEV1,,CTRL,CLOSED,B1,C-07,C,18,19,0,0,0,1,NA,0,18,4,NA
130,S0.3,DEV1,,CTRL,CLOSED,B1,C-08,A,13,22,4,1,0,5,NA,6,15,4,NA
131,S0.3,DEV1,,CTRL,CLOSED,B1,C-08,B,21,21,1,5,2,2,NA,4,15,1,NA
132,S0.3,DEV1,,CTRL,CLOSED,B1,C-08,C,19,12,0,0,0,9,NA,11,14,12,NA
133,S0.3,DEV1,,CTRL,CLOSED,B1,C-09,A,28,33,3,2,0,6,NA,2,3,9,NA
134,S0.3,DEV1,,CTRL,CLOSED,B1,C-09,B,24,21,0,0,0,0,NA,5,0,4,NA
135,S0.3,DEV1,,CTRL,CLOSED,B1,C-09,C,18,35,0,1,0,1,NA,0,3,2,NA
136,S0.3,DEV1,,CTRL,CLOSED,B1,C-10,A,14,14,0,0,0,0,NA,8,35,12,NA
137,S0.3,DEV1,,CTRL,CLOSED,B1,C-10,B,17,8,0,0,0,1,NA,3,29,11,NA
138,S0.3,DEV1,,CTRL,CLOSED,B1,C-10,C,18,21,0,0,0,8,NA,10,20,12,NA
139,S0.3,DEV1,,CTRL,CLOSED,B1,C-11,A,21,26,0,0,0,0,NA,0,4,0,NA
140,S0.3,DEV1,,CTRL,CLOSED,B1,C-11,B,21,23,6,3,0,0,NA,2,5,1,NA
141,S0.3,DEV1,,CTRL,CLOSED,B1,C-11,C,22,41,0,0,6,3,NA,8,1,0,NA
142,S0.3,DEV1,,CTRL,CLOSED,B1,C-12,A,20,24,4,5,1,1,NA,1,2,0,NA
143,S0.3,DEV1,,CTRL,CLOSED,B1,C-12,B,24,37,3,6,0,4,NA,7,2,5,NA
144,S0.3,DEV1,,CTRL,CLOSED,B1,C-12,C,14,22,7,5,0,1,NA,3,2,3,NA
145,S0.3,DEV1,,CTRL,CLOSED,B1,C-13,A,21,25,2,1,0,9,NA,2,10,6,NA
146,S0.3,DEV1,,CTRL,CLOSED,B1,C-13,B,20,27,0,0,2,0,NA,1,9,2,NA
147,S0.3,DEV1,,CTRL,CLOSED,B1,C-13,C,23,22,4,2,0,0,NA,0,4,3,NA
148,S0.3,DEV1,,CTRL,CLOSED,B1,C-14,A,14,16,0,0,0,4,NA,13,15,6,NA
149,S0.3,DEV1,,CTRL,CLOSED,B1,C-14,B,12,11,0,0,2,6,NA,16,20,9,NA
150,S0.3,DEV1,,CTRL,CLOSED,B1,C-14,C,15,22,0,0,1,4,NA,5,19,8,NA
151,S0.3,DEV1,,CTRL,CLOSED,B1,C-15,A,16,19,4,4,0,4,NA,3,17,4,NA
152,S0.3,DEV1,,CTRL,CLOSED,B1,C-15,B,14,20,1,2,0,2,NA,4,13,5,NA
153,S0.3,DEV1,,CTRL,CLOSED,B1,C-15,C,27,16,0,0,5,6,NA,7,4,7,NA
154,S0.3,DEV1,,CTRL,CLOSED,B1,C-16,A,25,27,3,1,5,7,NA,14,8,2,NA
155,S0.3,DEV1,,CTRL,CLOSED,B1,C-16,B,23,28,0,0,0,1,NA,8,6,6,NA
156,S0.3,DEV1,,CTRL,CLOSED,B1,C-16,C,15,19,1,2,1,4,NA,5,16,6,NA
157,S0.3,DEV1,,CTRL,CLOSED,B1,C-17,A,21,17,3,8,0,2,NA,9,15,3,NA
158,S0.3,DEV1,,CTRL,CLOSED,B1,C-17,B,32,26,1,5,0,4,NA,4,7,9,NA
159,S0.3,DEV1,,CTRL,CLOSED,B1,C-17,C,25,25,1,2,0,4,NA,1,2,5,NA
160,S0.3,DEV1,,CTRL,CLOSED,B1,C-18,A,2,1,0,0,1,18,NA,18,27,12,NA
161,S0.3,DEV1,,CTRL,CLOSED,B1,C-18,B,6,7,0,0,0,8,NA,7,38,5,NA
162,S0.3,DEV1,,CTRL,CLOSED,B1,C-18,C,5,3,2,10,1,3,NA,2,53,7,NA
163,S1.1,E7.2,,WARM,INVAS,B1,C-01,A,22,20,3,1,0,0,0,0,0,0,NA
164,S1.1,E7.2,,WARM,INVAS,B1,C-01,B,25,37,0,0,0,1,2,1,4,0,NA
165,S1.1,E7.2,,WARM,INVAS,B1,C-01,C,29,25,0,0,0,0,0,0,2,1,NA
166,S1.1,E7.2,,CTRL,CLOSED,B1,C-02,A,32,20,0,0,0,1,0,0,14,0,NA
167,S1.1,E7.2,,CTRL,CLOSED,B1,C-02,B,29,34,0,0,0,1,0,2,10,0,NA
168,S1.1,E7.2,,CTRL,CLOSED,B1,C-02,C,27,28,0,0,0,4,0,9,25,0,NA
169,S1.1,E7.2,,HW,CLOSED,B1,C-03,A,26,25,0,1,0,1,0,4,14,0,NA
170,S1.1,E7.2,,HW,CLOSED,B1,C-03,B,28,28,0,0,0,0,0,3,19,0,NA
171,S1.1,E7.2,,HW,CLOSED,B1,C-03,C,22,36,0,0,0,1,0,1,15,0,NA
172,S1.1,E7.2,,WARM,INVAS,B1,C-04,A,31,36,2,3,0,3,0,1,0,1,NA
173,S1.1,E7.2,,WARM,INVAS,B1,C-04,B,36,49,0,0,0,8,0,15,19,0,NA
174,S1.1,E7.2,,WARM,INVAS,B1,C-04,C,28,39,1,0,0,1,2,2,33,0,NA
175,S1.1,E7.2,,WARM,INVAS,B1,C-05,A,5,15,3,2,0,2,1,3,20,1,NA
176,S1.1,E7.2,,WARM,INVAS,B1,C-05,B,47,25,0,0,0,3,0,2,16,1,NA
177,S1.1,E7.2,,WARM,INVAS,B1,C-05,C,17,13,1,3,0,3,2,5,66,0,NA
178,S1.1,E7.2,,HW,CLOSED,B1,C-06,A,10,15,0,1,1,0,0,2,43,0,NA
179,S1.1,E7.2,,HW,CLOSED,B1,C-06,B,19,24,0,0,3,0,0,1,22,0,NA
180,S1.1,E7.2,,HW,CLOSED,B1,C-06,C,34,30,0,0,0,1,0,0,13,0,NA
181,S1.1,E7.2,,HW,INVAS,B1,C-07,A,36,33,0,0,0,1,0,0,6,0,NA
182,S1.1,E7.2,,HW,INVAS,B1,C-07,B,27,23,0,0,0,0,0,0,17,0,NA
183,S1.1,E7.2,,HW,INVAS,B1,C-07,C,21,33,0,0,4,1,0,4,19,0,NA
184,S1.1,E7.2,,CTRL,CLOSED,B1,C-08,A,12,18,1,0,0,1,0,0,28,0,NA
185,S1.1,E7.2,,CTRL,CLOSED,B1,C-08,B,13,18,0,0,0,14,0,8,22,0,NA
186,S1.1,E7.2,,CTRL,CLOSED,B1,C-08,C,11,18,0,0,0,10,0,10,24,0,NA
187,S1.1,E7.2,,CTRL,CLOSED,B1,C-09,A,16,15,0,0,0,4,0,6,39,0,NA
188,S1.1,E7.2,,CTRL,CLOSED,B1,C-09,B,16,11,0,0,0,6,0,12,47,0,NA
189,S1.1,E7.2,,CTRL,CLOSED,B1,C-09,C,28,23,0,0,0,12,0,4,42,0,NA
190,S1.1,E7.2,,WARM,CLOSED,B1,C-10,A,10,7,1,2,0,7,0,11,50,0,NA
191,S1.1,E7.2,,WARM,CLOSED,B1,C-10,B,7,14,2,1,0,7,0,7,42,6,NA
192,S1.1,E7.2,,WARM,CLOSED,B1,C-10,C,11,14,5,6,0,7,0,12,55,2,NA
193,S1.1,E7.2,,HW,INVAS,B1,C-11,A,23,14,1,1,0,5,2,4,20,0,NA
194,S1.1,E7.2,,HW,INVAS,B1,C-11,B,19,16,0,0,7,1,1,11,25,0,NA
195,S1.1,E7.2,,HW,INVAS,B1,C-11,C,29,34,0,0,0,0,2,1,15,0,NA
196,S1.1,E7.2,,HW,CLOSED,B1,C-12,A,33,32,0,0,0,0,0,0,34,0,NA
197,S1.1,E7.2,,HW,CLOSED,B1,C-12,B,13,23,0,0,0,0,0,0,22,0,NA
198,S1.1,E7.2,,HW,CLOSED,B1,C-12,C,30,32,0,0,0,1,0,0,22,0,NA
199,S1.1,E7.2,,WARM,CLOSED,B1,C-13,A,17,13,0,0,0,2,0,2,44,0,NA
200,S1.1,E7.2,,WARM,CLOSED,B1,C-13,B,9,11,1,3,0,6,0,7,46,0,NA
201,S1.1,E7.2,,WARM,CLOSED,B1,C-13,C,14,13,0,1,0,6,0,10,59,2,NA
202,S1.1,E7.2,,CTRL,INVAS,B1,C-14,A,27,21,0,0,0,6,3,9,25,0,NA
203,S1.1,E7.2,,CTRL,INVAS,B1,C-14,B,27,23,0,0,0,2,1,6,22,0,NA
204,S1.1,E7.2,,CTRL,INVAS,B1,C-14,C,14,20,0,0,0,6,0,13,26,0,NA
205,S1.1,E7.2,,HW,INVAS,B1,C-15,A,6,9,0,0,0,8,2,4,22,0,NA
206,S1.1,E7.2,,HW,INVAS,B1,C-15,B,40,28,0,0,0,1,2,1,13,1,NA
207,S1.1,E7.2,,HW,INVAS,B1,C-15,C,16,18,0,0,0,0,2,2,5,0,NA
208,S1.1,E7.2,,CTRL,INVAS,B1,C-16,A,6,11,0,3,0,7,0,5,14,1,NA
209,S1.1,E7.2,,CTRL,INVAS,B1,C-16,B,18,25,0,0,0,1,0,1,16,0,NA
210,S1.1,E7.2,,CTRL,INVAS,B1,C-16,C,17,20,0,0,0,10,0,8,47,0,NA
211,S1.1,E7.2,,WARM,CLOSED,B1,C-17,A,32,32,2,0,0,2,0,5,29,2,NA
212,S1.1,E7.2,,WARM,CLOSED,B1,C-17,B,34,30,0,0,0,2,0,5,29,5,NA
213,S1.1,E7.2,,WARM,CLOSED,B1,C-17,C,22,26,0,0,0,0,0,1,16,2,NA
214,S1.1,E7.2,,CTRL,INVAS,B1,C-18,A,16,12,0,0,0,0,0,1,3,0,NA
215,S1.1,E7.2,,CTRL,INVAS,B1,C-18,B,16,42,0,0,0,8,1,12,11,0,NA
216,S1.1,E7.2,,CTRL,INVAS,B1,C-18,C,5,11,0,0,0,5,1,8,26,0,NA
325,S1.2,E10.2,,WARM,INVAS,B1,C-01,A,14,20,0,0,0,2,0,0,17,2,NA
326,S1.2,E10.2,,WARM,INVAS,B1,C-01,B,15,17,0,0,0,0,0,1,24,2,NA
327,S1.2,E10.2,,WARM,INVAS,B1,C-01,C,22,12,0,0,0,1,0,1,18,3,NA
328,S1.2,E10.2,,CTRL,CLOSED,B1,C-02,A,22,23,0,0,0,0,0,3,12,0,NA
329,S1.2,E10.2,,CTRL,CLOSED,B1,C-02,B,7,20,0,0,0,1,0,1,33,2,NA
330,S1.2,E10.2,,CTRL,CLOSED,B1,C-02,C,14,11,0,0,0,1,0,1,17,0,NA
331,S1.2,E10.2,,HW,CLOSED,B1,C-03,A,5,12,0,0,0,0,0,0,24,0,NA
332,S1.2,E10.2,,HW,CLOSED,B1,C-03,B,13,23,0,0,0,1,0,0,24,0,NA
333,S1.2,E10.2,,HW,CLOSED,B1,C-03,C,12,16,0,0,0,0,0,0,5,0,NA
334,S1.2,E10.2,,WARM,INVAS,B1,C-04,A,20,21,0,0,0,0,0,0,8,2,NA
335,S1.2,E10.2,,WARM,INVAS,B1,C-04,B,14,14,0,0,0,1,0,1,17,4,NA
336,S1.2,E10.2,,WARM,INVAS,B1,C-04,C,26,16,0,0,0,1,0,2,8,10,NA
337,S1.2,E10.2,,WARM,INVAS,B1,C-05,A,25,22,0,0,0,0,0,0,16,1,NA
338,S1.2,E10.2,,WARM,INVAS,B1,C-05,B,23,24,0,0,0,0,1,0,8,1,NA
339,S1.2,E10.2,,WARM,INVAS,B1,C-05,C,19,27,0,0,0,2,2,2,13,1,NA
340,S1.2,E10.2,,HW,CLOSED,B1,C-06,A,22,31,0,0,0,0,0,0,4,0,NA
341,S1.2,E10.2,,HW,CLOSED,B1,C-06,B,22,21,1,0,0,0,0,0,9,0,NA
342,S1.2,E10.2,,HW,CLOSED,B1,C-06,C,18,26,0,0,0,0,0,0,11,0,NA
343,S1.2,E10.2,,HW,INVAS,B1,C-07,A,16,21,0,0,1,0,2,4,12,0,NA
344,S1.2,E10.2,,HW,INVAS,B1,C-07,B,21,31,0,0,3,0,5,2,14,0,NA
345,S1.2,E10.2,,HW,INVAS,B1,C-07,C,17,13,3,1,8,0,4,11,6,0,NA
346,S1.2,E10.2,,CTRL,CLOSED,B1,C-08,A,12,17,0,0,0,0,0,2,16,1,NA
347,S1.2,E10.2,,CTRL,CLOSED,B1,C-08,B,18,18,0,0,0,2,0,2,8,1,NA
348,S1.2,E10.2,,CTRL,CLOSED,B1,C-08,C,22,17,0,0,0,0,0,1,11,0,NA
349,S1.2,E10.2,,CTRL,CLOSED,B1,C-09,A,20,22,0,0,0,1,0,2,21,0,NA
350,S1.2,E10.2,,CTRL,CLOSED,B1,C-09,B,18,26,0,0,0,5,0,5,17,0,NA
351,S1.2,E10.2,,CTRL,CLOSED,B1,C-09,C,20,26,0,0,0,2,0,3,26,0,NA
352,S1.2,E10.2,,WARM,CLOSED,B1,C-10,A,NA,NA,NA,NA,NA,NA,NA,NA,NA,NA,NA
353,S1.2,E10.2,,WARM,CLOSED,B1,C-10,B,24,25,0,0,0,5,0,5,1,4,NA
354,S1.2,E10.2,,WARM,CLOSED,B1,C-10,C,22,19,0,0,0,6,0,1,15,3,NA
355,S1.2,E10.2,,HW,INVAS,B1,C-11,A,18,27,0,1,0,0,0,0,7,0,NA
356,S1.2,E10.2,,HW,INVAS,B1,C-11,B,20,24,0,0,0,0,1,1,12,0,NA
357,S1.2,E10.2,,HW,INVAS,B1,C-11,C,16,16,0,0,0,0,0,0,5,0,NA
358,S1.2,E10.2,,HW,CLOSED,B1,C-12,A,14,18,0,0,0,0,0,0,24,0,NA
359,S1.2,E10.2,,HW,CLOSED,B1,C-12,B,13,28,0,0,0,0,0,0,25,1,NA
360,S1.2,E10.2,,HW,CLOSED,B1,C-12,C,10,15,0,0,0,0,0,0,19,0,NA
361,S1.2,E10.2,,WARM,CLOSED,B1,C-13,A,5,7,0,0,0,0,0,1,27,5,NA
362,S1.2,E10.2,,WARM,CLOSED,B1,C-13,B,15,13,0,0,0,2,0,3,28,1,NA
363,S1.2,E10.2,,WARM,CLOSED,B1,C-13,C,19,21,0,0,0,3,0,0,16,3,NA
364,S1.2,E10.2,,CTRL,INVAS,B1,C-14,A,6,10,0,0,0,5,0,4,48,0,NA
365,S1.2,E10.2,,CTRL,INVAS,B1,C-14,B,12,10,0,0,0,4,1,5,33,5,NA
366,S1.2,E10.2,,CTRL,INVAS,B1,C-14,C,9,9,0,0,0,4,0,10,43,5,NA
367,S1.2,E10.2,,HW,INVAS,B1,C-15,A,16,16,3,3,1,1,4,2,8,0,NA
368,S1.2,E10.2,,HW,INVAS,B1,C-15,B,7,16,8,7,0,0,5,1,6,0,NA
369,S1.2,E10.2,,HW,INVAS,B1,C-15,C,6,14,0,1,2,3,7,12,11,0,NA
370,S1.2,E10.2,,CTRL,INVAS,B1,C-16,A,17,13,0,0,0,1,0,0,5,1,NA
371,S1.2,E10.2,,CTRL,INVAS,B1,C-16,B,17,21,0,0,0,1,0,1,13,5,NA
372,S1.2,E10.2,,CTRL,INVAS,B1,C-16,C,19,13,0,0,0,2,0,4,21,1,NA
373,S1.2,E10.2,,WARM,CLOSED,B1,C-17,A,19,24,0,0,0,3,0,4,9,6,NA
374,S1.2,E10.2,,WARM,CLOSED,B1,C-17,B,8,9,0,0,0,1,0,1,6,7,NA
375,S1.2,E10.2,,WARM,CLOSED,B1,C-17,C,18,24,0,0,0,2,0,3,5,1,NA
376,S1.2,E10.2,,CTRL,INVAS,B1,C-18,A,7,27,0,0,0,3,0,9,24,1,NA
377,S1.2,E10.2,,CTRL,INVAS,B1,C-18,B,19,23,0,0,0,0,0,1,11,0,NA
378,S1.2,E10.2,,CTRL,INVAS,B1,C-18,C,15,22,1,0,0,6,2,16,21,1,NA
379,S1.3,E13.2,,WARM,INVAS,B1,C-01,A,13,20,0,0,0,2,0,1,22,3,NA
380,S1.3,E13.2,,WARM,INVAS,B1,C-01,B,10,21,0,0,0,0,0,0,21,4,NA
381,S1.3,E13.2,,WARM,INVAS,B1,C-01,C,21,38,0,0,0,3,1,5,35,6,NA
382,S1.3,E13.2,,CTRL,CLOSED,B1,C-02,A,15,19,0,0,0,3,0,0,43,0,NA
383,S1.3,E13.2,,CTRL,CLOSED,B1,C-02,B,22,39,0,1,0,0,0,2,31,0,NA
384,S1.3,E13.2,,CTRL,CLOSED,B1,C-02,C,23,22,0,0,0,1,0,2,25,0,NA
385,S1.3,E13.2,,HW,CLOSED,B1,C-03,A,2,7,0,0,0,0,0,0,30,0,NA
386,S1.3,E13.2,,HW,CLOSED,B1,C-03,B,10,6,0,0,2,0,0,4,31,2,NA
387,S1.3,E13.2,,HW,CLOSED,B1,C-03,C,2,5,0,0,2,0,0,4,29,0,NA
388,S1.3,E13.2,,WARM,INVAS,B1,C-04,A,5,8,1,0,0,0,1,2,44,1,NA
389,S1.3,E13.2,,WARM,INVAS,B1,C-04,B,8,7,1,1,0,4,1,4,41,5,NA
390,S1.3,E13.2,,WARM,INVAS,B1,C-04,C,11,8,0,1,0,2,0,1,77,1,NA
391,S1.3,E13.2,,WARM,INVAS,B1,C-05,A,7,6,0,0,0,1,0,0,53,2,NA
392,S1.3,E13.2,,WARM,INVAS,B1,C-05,B,12,11,0,0,0,1,0,3,48,5,NA
393,S1.3,E13.2,,WARM,INVAS,B1,C-05,C,9,9,0,0,0,0,0,0,71,0,NA
394,S1.3,E13.2,,HW,CLOSED,B1,C-06,A,16,19,0,0,0,0,0,0,5,0,NA
395,S1.3,E13.2,,HW,CLOSED,B1,C-06,B,16,17,0,0,0,0,0,0,22,0,NA
396,S1.3,E13.2,,HW,CLOSED,B1,C-06,C,20,26,0,0,0,0,0,0,24,0,NA
397,S1.3,E13.2,,HW,INVAS,B1,C-07,A,3,14,0,0,0,0,30,31,34,2,NA
398,S1.3,E13.2,,HW,INVAS,B1,C-07,B,6,5,0,0,0,0,24,16,24,1,NA
399,S1.3,E13.2,,HW,INVAS,B1,C-07,C,1,4,0,0,0,0,12,21,19,5,NA
400,S1.3,E13.2,,CTRL,CLOSED,B1,C-08,A,15,29,0,0,0,6,0,7,25,2,NA
401,S1.3,E13.2,,CTRL,CLOSED,B1,C-08,B,14,22,0,0,0,2,0,2,35,3,NA
402,S1.3,E13.2,,CTRL,CLOSED,B1,C-08,C,31,32,0,0,0,4,0,11,13,0,NA
403,S1.3,E13.2,,CTRL,CLOSED,B1,C-09,A,17,15,0,0,0,6,0,3,32,0,NA
404,S1.3,E13.2,,CTRL,CLOSED,B1,C-09,B,12,25,0,0,0,4,0,4,19,1,NA
405,S1.3,E13.2,,CTRL,CLOSED,B1,C-09,C,31,16,0,0,0,4,0,3,31,1,NA
406,S1.3,E13.2,,WARM,CLOSED,B1,C-10,A,6,8,2,1,0,1,0,1,81,0,NA
407,S1.3,E13.2,,WARM,CLOSED,B1,C-10,B,4,4,0,0,0,1,0,0,91,5,NA
408,S1.3,E13.2,,WARM,CLOSED,B1,C-10,C,6,7,0,0,0,2,0,1,80,0,NA
409,S1.3,E13.2,,HW,INVAS,B1,C-11,A,10,20,0,2,0,0,14,24,15,0,NA
410,S1.3,E13.2,,HW,INVAS,B1,C-11,B,16,19,0,0,0,0,3,6,27,1,NA
411,S1.3,E13.2,,HW,INVAS,B1,C-11,C,9,19,0,0,0,0,8,10,22,2,NA
412,S1.3,E13.2,,HW,CLOSED,B1,C-12,A,2,3,0,0,0,1,0,2,68,0,NA
413,S1.3,E13.2,,HW,CLOSED,B1,C-12,B,5,9,0,0,0,0,0,0,62,0,NA
414,S1.3,E13.2,,HW,CLOSED,B1,C-12,C,4,5,0,0,3,0,0,0,74,0,NA
415,S1.3,E13.2,,WARM,CLOSED,B1,C-13,A,4,6,0,1,0,2,0,3,78,3,NA
416,S1.3,E13.2,,WARM,CLOSED,B1,C-13,B,3,4,0,0,0,0,0,3,72,4,NA
417,S1.3,E13.2,,WARM,CLOSED,B1,C-13,C,2,1,0,0,0,4,0,3,84,2,NA
418,S1.3,E13.2,,CTRL,INVAS,B1,C-14,A,28,21,0,0,0,0,0,3,14,4,NA
419,S1.3,E13.2,,CTRL,INVAS,B1,C-14,B,11,14,0,0,0,4,0,5,30,3,NA
420,S1.3,E13.2,,CTRL,INVAS,B1,C-14,C,16,15,2,0,0,12,0,5,43,1,NA
421,S1.3,E13.2,,HW,INVAS,B1,C-15,A,1,0,0,0,0,0,15,14,3,11,NA
422,S1.3,E13.2,,HW,INVAS,B1,C-15,B,6,3,0,0,0,0,29,34,0,16,NA
423,S1.3,E13.2,,HW,INVAS,B1,C-15,C,2,5,0,0,0,0,16,20,0,5,NA
424,S1.3,E13.2,,CTRL,INVAS,B1,C-16,A,28,24,0,0,0,1,0,6,18,3,NA
425,S1.3,E13.2,,CTRL,INVAS,B1,C-16,B,16,18,0,1,0,3,3,14,30,2,NA
426,S1.3,E13.2,,CTRL,INVAS,B1,C-16,C,13,27,0,0,0,7,0,5,29,1,NA
427,S1.3,E13.2,,WARM,CLOSED,B1,C-17,A,14,20,1,0,0,1,0,1,44,0,NA
428,S1.3,E13.2,,WARM,CLOSED,B1,C-17,B,11,14,0,0,0,0,0,0,33,12,NA
429,S1.3,E13.2,,WARM,CLOSED,B1,C-17,C,23,15,0,0,0,3,0,1,52,1,NA
430,S1.3,E13.2,,CTRL,INVAS,B1,C-18,A,28,24,0,0,0,0,1,1,17,3,NA
431,S1.3,E13.2,,CTRL,INVAS,B1,C-18,B,43,31,0,0,0,6,1,9,22,1,NA
432,S1.3,E13.2,,CTRL,INVAS,B1,C-18,C,36,35,0,0,0,2,4,5,7,3,NA
541,S1.4,E16.2,,WARM,INVAS,B1,C-01,A,19,24,0,0,0,1,1,2,23,2,NA
542,S1.4,E16.2,,WARM,INVAS,B1,C-01,B,21,22,0,0,0,2,3,6,35,0,NA
543,S1.4,E16.2,,WARM,INVAS,B1,C-01,C,25,15,0,0,0,0,0,2,14,2,NA
544,S1.4,E16.2,,CTRL,CLOSED,B1,C-02,A,5,5,0,0,0,4,0,5,68,4,NA
545,S1.4,E16.2,,CTRL,CLOSED,B1,C-02,B,3,2,1,3,0,16,0,17,61,3,NA
546,S1.4,E16.2,,CTRL,CLOSED,B1,C-02,C,1,2,0,0,0,5,0,6,66,1,NA
547,S1.4,E16.2,,HW,CLOSED,B1,C-03,A,10,6,3,4,0,3,0,0,79,0,NA
548,S1.4,E16.2,,HW,CLOSED,B1,C-03,B,3,8,0,0,0,0,0,1,72,0,NA
549,S1.4,E16.2,,HW,CLOSED,B1,C-03,C,0,4,0,0,0,0,0,0,71,0,NA
550,S1.4,E16.2,,WARM,INVAS,B1,C-04,A,15,21,0,0,0,0,0,0,53,0,NA
551,S1.4,E16.2,,WARM,INVAS,B1,C-04,B,4,4,0,0,0,7,1,5,64,1,NA
552,S1.4,E16.2,,WARM,INVAS,B1,C-04,C,6,11,10,3,0,0,2,6,73,3,NA
553,S1.4,E16.2,,WARM,INVAS,B1,C-05,A,12,14,0,0,0,0,0,2,56,0,NA
554,S1.4,E16.2,,WARM,INVAS,B1,C-05,B,8,10,0,0,0,0,0,0,52,1,NA
555,S1.4,E16.2,,WARM,INVAS,B1,C-05,C,7,12,6,1,0,1,0,0,60,0,NA
556,S1.4,E16.2,,HW,CLOSED,B1,C-06,A,30,26,0,0,0,0,0,0,33,0,NA
557,S1.4,E16.2,,HW,CLOSED,B1,C-06,B,14,27,0,0,0,0,0,1,21,0,NA
558,S1.4,E16.2,,HW,CLOSED,B1,C-06,C,21,20,0,0,0,1,0,0,41,0,NA
559,S1.4,E16.2,,HW,INVAS,B1,C-07,A,23,34,0,0,1,0,1,2,5,0,NA
560,S1.4,E16.2,,HW,INVAS,B1,C-07,B,31,23,0,0,0,1,0,2,2,2,NA
561,S1.4,E16.2,,HW,INVAS,B1,C-07,C,27,32,0,3,0,0,2,2,2,1,NA
562,S1.4,E16.2,,CTRL,CLOSED,B1,C-08,A,10,15,0,0,0,6,0,10,46,0,NA
563,S1.4,E16.2,,CTRL,CLOSED,B1,C-08,B,8,6,2,3,0,10,0,11,71,0,NA
564,S1.4,E16.2,,CTRL,CLOSED,B1,C-08,C,5,3,1,0,0,5,0,5,58,1,NA
565,S1.4,E16.2,,CTRL,CLOSED,B1,C-09,A,11,12,0,0,0,9,0,11,38,0,NA
566,S1.4,E16.2,,CTRL,CLOSED,B1,C-09,B,5,8,0,0,0,3,0,1,39,1,NA
567,S1.4,E16.2,,CTRL,CLOSED,B1,C-09,C,8,6,0,0,0,6,0,4,64,0,NA
568,S1.4,E16.2,,WARM,CLOSED,B1,C-10,A,1,0,0,0,0,1,0,2,102,1,NA
569,S1.4,E16.2,,WARM,CLOSED,B1,C-10,B,14,11,0,0,0,4,0,6,74,0,NA
570,S1.4,E16.2,,WARM,CLOSED,B1,C-10,C,5,4,1,0,0,1,0,0,90,0,NA
571,S1.4,E16.2,,HW,INVAS,B1,C-11,A,26,24,0,0,0,1,0,0,5,0,NA
572,S1.4,E16.2,,HW,INVAS,B1,C-11,B,17,26,0,0,0,0,0,0,16,0,NA
573,S1.4,E16.2,,HW,INVAS,B1,C-11,C,24,33,0,0,0,0,1,1,9,1,NA
574,S1.4,E16.2,,HW,CLOSED,B1,C-12,A,5,3,0,0,0,1,0,0,38,1,NA
575,S1.4,E16.2,,HW,CLOSED,B1,C-12,B,9,8,0,0,0,0,0,0,67,0,NA
576,S1.4,E16.2,,HW,CLOSED,B1,C-12,C,5,7,0,0,0,1,0,0,84,0,NA
577,S1.4,E16.2,,WARM,CLOSED,B1,C-13,A,0,1,7,5,0,0,0,3,96,0,NA
578,S1.4,E16.2,,WARM,CLOSED,B1,C-13,B,2,1,0,0,0,5,0,4,80,0,NA
579,S1.4,E16.2,,WARM,CLOSED,B1,C-13,C,4,4,0,0,0,4,0,4,73,0,NA
580,S1.4,E16.2,,CTRL,INVAS,B1,C-14,A,7,7,2,4,0,10,3,12,44,1,NA
581,S1.4,E16.2,,CTRL,INVAS,B1,C-14,B,3,8,0,1,0,5,2,9,43,4,NA
582,S1.4,E16.2,,CTRL,INVAS,B1,C-14,C,3,2,1,0,0,9,0,9,53,2,NA
583,S1.4,E16.2,,HW,INVAS,B1,C-15,A,31,31,0,0,0,1,5,8,4,0,NA
584,S1.4,E16.2,,HW,INVAS,B1,C-15,B,39,32,0,0,0,1,1,1,2,0,NA
585,S1.4,E16.2,,HW,INVAS,B1,C-15,C,26,25,0,0,0,0,5,12,4,1,NA
586,S1.4,E16.2,,CTRL,INVAS,B1,C-16,A,8,8,4,5,0,5,2,2,72,2,NA
587,S1.4,E16.2,,CTRL,INVAS,B1,C-16,B,7,7,1,1,0,4,0,8,41,2,NA
588,S1.4,E16.2,,CTRL,INVAS,B1,C-16,C,3,3,4,3,0,4,1,7,56,1,NA
589,S1.4,E16.2,,WARM,CLOSED,B1,C-17,A,3,2,2,2,0,2,0,1,58,0,NA
590,S1.4,E16.2,,WARM,CLOSED,B1,C-17,B,3,1,1,0,0,2,0,6,61,0,NA
591,S1.4,E16.2,,WARM,CLOSED,B1,C-17,C,3,1,0,0,0,3,0,3,81,2,NA
592,S1.4,E16.2,,CTRL,INVAS,B1,C-18,A,27,30,0,0,0,2,0,4,4,7,NA
593,S1.4,E16.2,,CTRL,INVAS,B1,C-18,B,24,38,3,0,0,5,5,10,19,0,NA
594,S1.4,E16.2,,CTRL,INVAS,B1,C-18,C,36,45,0,0,0,4,3,8,8,2,NA
595,S1.5,E19.2,,WARM,INVAS,B1,C-01,A,24,27,0,0,0,1,2,1,37,0,NA
596,S1.5,E19.2,,WARM,INVAS,B1,C-01,B,28,28,0,0,0,0,0,5,22,0,NA
597,S1.5,E19.2,,WARM,INVAS,B1,C-01,C,30,39,0,0,0,2,3,5,6,0,NA
598,S1.5,E19.2,,CTRL,CLOSED,B1,C-02,A,3,4,5,3,0,11,0,10,101,2,NA
599,S1.5,E19.2,,CTRL,CLOSED,B1,C-02,B,2,3,0,1,0,30,0,23,58,5,NA
600,S1.5,E19.2,,CTRL,CLOSED,B1,C-02,C,11,2,0,0,0,6,0,3,110,1,NA
601,S1.5,E19.2,,HW,CLOSED,B1,C-03,A,13,13,0,0,0,3,0,0,51,0,NA
602,S1.5,E19.2,,HW,CLOSED,B1,C-03,B,16,18,1,1,0,0,0,0,35,0,NA
603,S1.5,E19.2,,HW,CLOSED,B1,C-03,C,11,12,0,0,0,0,0,0,50,0,NA
604,S1.5,E19.2,,WARM,INVAS,B1,C-04,A,8,8,0,0,0,4,3,8,90,0,NA
605,S1.5,E19.2,,WARM,INVAS,B1,C-04,B,9,11,3,1,0,5,1,8,78,1,NA
606,S1.5,E19.2,,WARM,INVAS,B1,C-04,C,19,18,1,0,0,2,3,4,60,0,NA
607,S1.5,E19.2,,WARM,INVAS,B1,C-05,A,4,4,0,3,0,0,1,3,112,0,NA
608,S1.5,E19.2,,WARM,INVAS,B1,C-05,B,3,8,1,5,0,0,1,2,55,1,NA
609,S1.5,E19.2,,WARM,INVAS,B1,C-05,C,0,0,1,0,0,3,0,2,99,1,NA
610,S1.5,E19.2,,HW,CLOSED,B1,C-06,A,24,22,1,0,0,0,0,0,11,0,NA
611,S1.5,E19.2,,HW,CLOSED,B1,C-06,B,35,34,0,0,1,0,0,0,34,0,NA
612,S1.5,E19.2,,HW,CLOSED,B1,C-06,C,31,27,0,0,0,0,0,0,23,0,NA
613,S1.5,E19.2,,HW,INVAS,B1,C-07,A,24,28,3,3,0,0,29,27,30,0,NA
614,S1.5,E19.2,,HW,INVAS,B1,C-07,B,35,37,0,0,0,0,7,12,1,0,NA
615,S1.5,E19.2,,HW,INVAS,B1,C-07,C,39,28,0,0,0,0,2,2,1,0,NA
616,S1.5,E19.2,,CTRL,CLOSED,B1,C-08,A,0,7,2,2,0,2,0,3,71,1,NA
617,S1.5,E19.2,,CTRL,CLOSED,B1,C-08,B,5,7,0,0,0,6,0,14,81,1,NA
618,S1.5,E19.2,,CTRL,CLOSED,B1,C-08,C,10,8,0,0,0,3,0,2,66,5,NA
619,S1.5,E19.2,,CTRL,CLOSED,B1,C-09,A,9,8,2,2,0,19,0,22,57,2,NA
620,S1.5,E19.2,,CTRL,CLOSED,B1,C-09,B,16,9,0,0,0,12,0,10,89,2,NA
621,S1.5,E19.2,,CTRL,CLOSED,B1,C-09,C,6,5,2,2,0,11,0,4,81,3,NA
622,S1.5,E19.2,,WARM,CLOSED,B1,C-10,A,2,1,0,0,0,0,0,2,89,1,NA
623,S1.5,E19.2,,WARM,CLOSED,B1,C-10,B,4,5,0,0,0,4,0,4,104,0,NA
624,S1.5,E19.2,,WARM,CLOSED,B1,C-10,C,3,2,1,4,0,1,0,3,84,0,NA
625,S1.5,E19.2,,HW,INVAS,B1,C-11,A,22,45,0,2,0,0,1,0,9,0,NA
626,S1.5,E19.2,,HW,INVAS,B1,C-11,B,22,22,0,0,0,0,0,0,2,0,NA
627,S1.5,E19.2,,HW,INVAS,B1,C-11,C,22,43,0,0,0,0,0,1,1,0,NA
628,S1.5,E19.2,,HW,CLOSED,B1,C-12,A,18,15,0,0,0,0,0,4,50,0,NA
629,S1.5,E19.2,,HW,CLOSED,B1,C-12,B,12,12,0,0,0,0,0,0,59,0,NA
630,S1.5,E19.2,,HW,CLOSED,B1,C-12,C,18,15,1,6,0,0,0,0,38,1,NA
631,S1.5,E19.2,,WARM,CLOSED,B1,C-13,A,2,11,8,2,0,8,0,8,60,6,NA
632,S1.5,E19.2,,WARM,CLOSED,B1,C-13,B,4,4,0,0,0,3,0,3,112,1,NA
633,S1.5,E19.2,,WARM,CLOSED,B1,C-13,C,1,4,0,0,0,1,0,5,102,2,NA
634,S1.5,E19.2,,CTRL,INVAS,B1,C-14,A,3,3,1,1,0,13,1,17,86,3,NA
635,S1.5,E19.2,,CTRL,INVAS,B1,C-14,B,19,15,1,0,0,5,0,5,57,2,NA
636,S1.5,E19.2,,CTRL,INVAS,B1,C-14,C,5,11,2,0,0,15,0,14,89,2,NA
637,S1.5,E19.2,,HW,INVAS,B1,C-15,A,22,32,0,0,0,0,0,1,1,0,NA
638,S1.5,E19.2,,HW,INVAS,B1,C-15,B,21,20,0,0,0,0,2,1,7,0,NA
639,S1.5,E19.2,,HW,INVAS,B1,C-15,C,29,38,1,0,0,0,2,2,1,0,NA
640,S1.5,E19.2,,CTRL,INVAS,B1,C-16,A,13,9,0,0,0,2,0,10,78,2,NA
641,S1.5,E19.2,,CTRL,INVAS,B1,C-16,B,10,11,0,1,0,5,0,7,70,0,NA
642,S1.5,E19.2,,CTRL,INVAS,B1,C-16,C,8,5,1,1,0,15,1,6,93,0,NA
643,S1.5,E19.2,,WARM,CLOSED,B1,C-17,A,3,4,0,0,0,3,0,2,104,0,NA
644,S1.5,E19.2,,WARM,CLOSED,B1,C-17,B,0,2,4,0,0,1,0,0,58,0,NA
645,S1.5,E19.2,,WARM,CLOSED,B1,C-17,C,2,2,3,4,0,3,0,3,80,0,NA
646,S1.5,E19.2,,CTRL,INVAS,B1,C-18,A,47,29,0,0,0,6,0,6,4,2,NA
647,S1.5,E19.2,,CTRL,INVAS,B1,C-18,B,24,17,1,1,0,1,0,11,43,4,NA
648,S1.5,E19.2,,CTRL,INVAS,B1,C-18,C,28,37,0,0,0,0,0,2,15,1,NA
649,S1.6,E22.2,,WARM,INVAS,B1,C-01,A,4,3,0,0,0,0,0,0,37,0,NA
650,S1.6,E22.2,,WARM,INVAS,B1,C-01,B,8,5,0,0,0,1,0,1,46,1,NA
651,S1.6,E22.2,,WARM,INVAS,B1,C-01,C,5,8,0,0,0,5,0,0,31,0,NA
652,S1.6,E22.2,,CTRL,CLOSED,B1,C-02,A,4,9,0,0,0,6,0,9,49,0,NA
653,S1.6,E22.2,,CTRL,CLOSED,B1,C-02,B,4,1,1,2,0,12,0,9,63,0,NA
654,S1.6,E22.2,,CTRL,CLOSED,B1,C-02,C,2,1,1,0,2,9,0,19,65,0,NA
655,S1.6,E22.2,,HW,CLOSED,B1,C-03,A,0,2,0,0,0,0,0,0,29,0,NA
656,S1.6,E22.2,,HW,CLOSED,B1,C-03,B,0,1,0,0,0,2,0,0,29,0,NA
657,S1.6,E22.2,,HW,CLOSED,B1,C-03,C,0,3,0,0,0,0,0,1,40,0,NA
658,S1.6,E22.2,,WARM,INVAS,B1,C-04,A,4,3,0,0,0,8,1,11,32,0,NA
659,S1.6,E22.2,,WARM,INVAS,B1,C-04,B,0,1,0,0,0,3,0,4,45,3,NA
660,S1.6,E22.2,,WARM,INVAS,B1,C-04,C,2,4,0,0,0,9,0,14,50,0,NA
661,S1.6,E22.2,,WARM,INVAS,B1,C-05,A,3,6,0,0,0,1,0,1,40,0,NA
662,S1.6,E22.2,,WARM,INVAS,B1,C-05,B,9,13,0,0,0,5,0,2,72,0,NA
663,S1.6,E22.2,,WARM,INVAS,B1,C-05,C,1,4,6,3,0,3,1,5,65,0,NA
664,S1.6,E22.2,,HW,CLOSED,B1,C-06,A,0,2,0,0,0,4,0,2,77,0,NA
665,S1.6,E22.2,,HW,CLOSED,B1,C-06,B,1,2,0,0,0,0,0,0,52,0,NA
666,S1.6,E22.2,,HW,CLOSED,B1,C-06,C,2,2,0,0,0,2,0,0,50,0,NA
667,S1.6,E22.2,,HW,INVAS,B1,C-07,A,11,22,0,0,0,0,29,29,2,0,NA
668,S1.6,E22.2,,HW,INVAS,B1,C-07,B,13,13,0,0,0,0,22,11,5,0,NA
669,S1.6,E22.2,,HW,INVAS,B1,C-07,C,4,12,0,0,0,0,31,41,4,0,NA
670,S1.6,E22.2,,CTRL,CLOSED,B1,C-08,A,7,5,0,1,0,11,0,18,69,0,NA
671,S1.6,E22.2,,CTRL,CLOSED,B1,C-08,B,1,1,0,0,0,9,0,5,75,5,NA
672,S1.6,E22.2,,CTRL,CLOSED,B1,C-08,C,2,4,0,0,0,9,0,10,52,1,NA
673,S1.6,E22.2,,CTRL,CLOSED,B1,C-09,A,18,15,0,0,0,1,0,0,40,0,NA
674,S1.6,E22.2,,CTRL,CLOSED,B1,C-09,B,2,9,0,0,0,7,0,8,52,0,NA
675,S1.6,E22.2,,CTRL,CLOSED,B1,C-09,C,16,15,0,0,0,8,0,4,60,0,NA
676,S1.6,E22.2,,WARM,CLOSED,B1,C-10,A,2,0,0,0,0,10,0,2,65,1,NA
677,S1.6,E22.2,,WARM,CLOSED,B1,C-10,B,1,0,3,2,0,9,0,11,48,0,NA
678,S1.6,E22.2,,WARM,CLOSED,B1,C-10,C,0,0,0,0,0,2,0,1,59,0,NA
679,S1.6,E22.2,,HW,INVAS,B1,C-11,A,9,9,0,0,0,0,13,16,17,0,NA
680,S1.6,E22.2,,HW,INVAS,B1,C-11,B,3,3,0,0,0,0,21,20,30,0,NA
681,S1.6,E22.2,,HW,INVAS,B1,C-11,C,13,10,0,0,0,0,25,16,13,0,NA
682,S1.6,E22.2,,HW,CLOSED,B1,C-12,A,1,1,0,0,0,3,0,3,59,0,NA
683,S1.6,E22.2,,HW,CLOSED,B1,C-12,B,1,1,0,0,0,0,0,2,65,0,NA
684,S1.6,E22.2,,HW,CLOSED,B1,C-12,C,1,4,0,0,0,0,0,0,50,0,NA
685,S1.6,E22.2,,WARM,CLOSED,B1,C-13,A,1,7,0,0,1,7,0,10,79,1,NA
686,S1.6,E22.2,,WARM,CLOSED,B1,C-13,B,7,7,0,0,0,3,0,6,65,3,NA
687,S1.6,E22.2,,WARM,CLOSED,B1,C-13,C,2,2,1,0,0,8,0,10,44,1,NA
688,S1.6,E22.2,,CTRL,INVAS,B1,C-14,A,10,17,1,1,0,17,0,23,37,0,NA
689,S1.6,E22.2,,CTRL,INVAS,B1,C-14,B,12,17,0,0,0,8,0,18,42,0,NA
690,S1.6,E22.2,,CTRL,INVAS,B1,C-14,C,4,8,6,6,1,6,0,8,56,0,NA
691,S1.6,E22.2,,HW,INVAS,B1,C-15,A,8,3,0,0,0,0,12,10,37,0,NA
692,S1.6,E22.2,,HW,INVAS,B1,C-15,B,7,4,0,0,0,0,7,10,27,0,NA
693,S1.6,E22.2,,HW,INVAS,B1,C-15,C,3,6,1,0,0,0,5,7,33,0,NA
694,S1.6,E22.2,,CTRL,INVAS,B1,C-16,A,4,8,2,5,0,5,0,6,36,0,NA
695,S1.6,E22.2,,CTRL,INVAS,B1,C-16,B,4,5,1,1,0,7,1,6,66,0,NA
696,S1.6,E22.2,,CTRL,INVAS,B1,C-16,C,4,11,0,0,0,8,1,12,58,0,NA
697,S1.6,E22.2,,WARM,CLOSED,B1,C-17,A,2,2,5,2,0,2,0,2,57,0,NA
698,S1.6,E22.2,,WARM,CLOSED,B1,C-17,B,1,11,3,0,0,9,0,7,43,0,NA
699,S1.6,E22.2,,WARM,CLOSED,B1,C-17,C,21,14,0,0,0,7,0,6,62,0,NA
700,S1.6,E22.2,,CTRL,INVAS,B1,C-18,A,30,36,1,3,0,2,2,8,3,0,NA
701,S1.6,E22.2,,CTRL,INVAS,B1,C-18,B,26,25,0,0,0,1,0,1,9,1,NA
702,S1.6,E22.2,,CTRL,INVAS,B1,C-18,C,29,19,3,3,1,5,2,11,30,3,NA
217,S0.1,I1.2,,CTRL,CLOSED,B2,C-19,A,12,7,3,3,0,1,NA,5,55,0,NA
218,S0.1,I1.2,,CTRL,CLOSED,B2,C-19,B,26,21,0,0,0,5,NA,9,35,0,NA
219,S0.1,I1.2,,CTRL,CLOSED,B2,C-19,C,24,13,0,0,8,4,NA,9,54,0,NA
220,S0.1,I1.2,,CTRL,CLOSED,B2,C-20,A,3,2,1,1,1,4,NA,10,20,0,NA
221,S0.1,I1.2,,CTRL,CLOSED,B2,C-20,B,5,4,1,2,0,3,NA,2,23,0,NA
222,S0.1,I1.2,,CTRL,CLOSED,B2,C-20,C,10,15,0,2,0,4,NA,9,33,0,NA
223,S0.1,I1.2,,CTRL,CLOSED,B2,C-21,A,24,26,0,0,0,2,NA,3,35,0,NA
224,S0.1,I1.2,,CTRL,CLOSED,B2,C-21,B,13,10,0,0,2,0,NA,6,53,0,NA
225,S0.1,I1.2,,CTRL,CLOSED,B2,C-21,C,25,18,4,4,0,0,NA,2,21,0,NA
226,S0.1,I1.2,,CTRL,CLOSED,B2,C-22,A,5,5,8,8,3,2,NA,2,17,0,NA
227,S0.1,I1.2,,CTRL,CLOSED,B2,C-22,B,10,22,1,0,7,2,NA,4,19,0,NA
228,S0.1,I1.2,,CTRL,CLOSED,B2,C-22,C,37,48,0,0,3,2,NA,1,5,0,NA
229,S0.1,I1.2,,CTRL,CLOSED,B2,C-23,A,21,15,1,0,4,7,NA,9,24,0,NA
230,S0.1,I1.2,,CTRL,CLOSED,B2,C-23,B,12,14,2,3,1,8,NA,9,19,0,NA
231,S0.1,I1.2,,CTRL,CLOSED,B2,C-23,C,26,16,0,0,2,7,NA,11,15,0,NA
232,S0.1,I1.2,,CTRL,CLOSED,B2,C-24,A,24,26,0,0,0,1,NA,1,8,0,NA
233,S0.1,I1.2,,CTRL,CLOSED,B2,C-24,B,17,17,0,0,12,8,NA,30,17,0,NA
234,S0.1,I1.2,,CTRL,CLOSED,B2,C-24,C,10,14,3,2,6,14,NA,15,11,0,NA
235,S0.1,I1.2,,CTRL,CLOSED,B2,C-25,A,6,7,0,0,1,17,NA,16,43,0,NA
236,S0.1,I1.2,,CTRL,CLOSED,B2,C-25,B,19,24,0,0,0,17,NA,8,13,0,NA
237,S0.1,I1.2,,CTRL,CLOSED,B2,C-25,C,21,17,0,0,1,7,NA,7,32,0,NA
238,S0.1,I1.2,,CTRL,CLOSED,B2,C-26,A,13,30,9,5,1,6,NA,6,8,0,NA
239,S0.1,I1.2,,CTRL,CLOSED,B2,C-26,B,19,19,5,5,3,1,NA,6,5,0,NA
240,S0.1,I1.2,,CTRL,CLOSED,B2,C-26,C,15,19,6,6,1,1,NA,0,2,0,NA
241,S0.1,I1.2,,CTRL,CLOSED,B2,C-27,A,3,6,4,1,0,8,NA,5,18,0,NA
242,S0.1,I1.2,,CTRL,CLOSED,B2,C-27,B,21,12,2,3,2,3,NA,5,24,0,NA
243,S0.1,I1.2,,CTRL,CLOSED,B2,C-27,C,16,15,6,4,4,6,NA,15,18,0,NA
244,S0.1,I1.2,,CTRL,CLOSED,B2,C-28,A,15,15,8,5,0,10,NA,11,24,0,NA
245,S0.1,I1.2,,CTRL,CLOSED,B2,C-28,B,25,28,0,1,0,4,NA,3,20,0,NA
246,S0.1,I1.2,,CTRL,CLOSED,B2,C-28,C,24,34,0,0,5,10,NA,11,24,0,NA
247,S0.1,I1.2,,CTRL,CLOSED,B2,C-29,A,49,46,0,1,1,5,NA,3,4,0,NA
248,S0.1,I1.2,,CTRL,CLOSED,B2,C-29,B,42,31,2,4,3,3,NA,5,10,0,NA
249,S0.1,I1.2,,CTRL,CLOSED,B2,C-29,C,37,29,2,0,5,5,NA,12,16,0,NA
250,S0.1,I1.2,,CTRL,CLOSED,B2,C-30,A,20,17,0,0,0,1,NA,0,40,0,NA
251,S0.1,I1.2,,CTRL,CLOSED,B2,C-30,B,9,9,0,4,1,8,NA,14,40,0,NA
252,S0.1,I1.2,,CTRL,CLOSED,B2,C-30,C,6,7,6,10,1,3,NA,3,15,0,NA
253,S0.2,I3.2,,CTRL,CLOSED,B2,C-19,A,9,19,2,3,1,2,NA,3,20,4,NA
254,S0.2,I3.2,,CTRL,CLOSED,B2,C-19,B,20,32,0,0,0,2,NA,2,7,2,NA
255,S0.2,I3.2,,CTRL,CLOSED,B2,C-19,C,28,25,1,0,0,0,NA,0,1,5,NA
256,S0.2,I3.2,,CTRL,CLOSED,B2,C-20,A,22,31,0,0,0,7,NA,4,7,1,NA
257,S0.2,I3.2,,CTRL,CLOSED,B2,C-20,B,12,23,1,1,0,4,NA,3,1,3,NA
258,S0.2,I3.2,,CTRL,CLOSED,B2,C-20,C,30,24,2,0,0,1,NA,4,4,2,NA
259,S0.2,I3.2,,CTRL,CLOSED,B2,C-21,A,17,14,0,0,1,10,NA,7,33,5,NA
260,S0.2,I3.2,,CTRL,CLOSED,B2,C-21,B,8,21,1,2,4,0,NA,6,21,2,NA
261,S0.2,I3.2,,CTRL,CLOSED,B2,C-21,C,16,23,0,0,1,5,NA,9,22,8,NA
262,S0.2,I3.2,,CTRL,CLOSED,B2,C-22,A,13,15,1,2,0,8,NA,8,15,3,NA
263,S0.2,I3.2,,CTRL,CLOSED,B2,C-22,B,21,17,2,3,0,2,NA,4,14,3,NA
264,S0.2,I3.2,,CTRL,CLOSED,B2,C-22,C,25,40,0,0,0,3,NA,12,1,4,NA
265,S0.2,I3.2,,CTRL,CLOSED,B2,C-23,A,30,31,0,1,0,1,NA,3,1,6,NA
266,S0.2,I3.2,,CTRL,CLOSED,B2,C-23,B,36,36,0,0,0,3,NA,2,3,4,NA
267,S0.2,I3.2,,CTRL,CLOSED,B2,C-23,C,26,28,0,0,0,2,NA,3,2,3,NA
268,S0.2,I3.2,,CTRL,CLOSED,B2,C-24,A,16,17,3,3,0,1,NA,0,1,5,NA
269,S0.2,I3.2,,CTRL,CLOSED,B2,C-24,B,20,26,4,2,0,6,NA,4,19,7,NA
270,S0.2,I3.2,,CTRL,CLOSED,B2,C-24,C,28,25,1,1,0,1,NA,0,0,3,NA
271,S0.2,I3.2,,CTRL,CLOSED,B2,C-25,A,21,21,5,4,0,1,NA,1,7,0,NA
272,S0.2,I3.2,,CTRL,CLOSED,B2,C-25,B,10,20,4,5,0,2,NA,10,4,0,NA
273,S0.2,I3.2,,CTRL,CLOSED,B2,C-25,C,19,17,4,1,1,9,NA,7,16,3,NA
274,S0.2,I3.2,,CTRL,CLOSED,B2,C-26,A,25,27,0,0,0,1,NA,2,1,2,NA
275,S0.2,I3.2,,CTRL,CLOSED,B2,C-26,B,22,20,3,6,0,2,NA,0,3,0,NA
276,S0.2,I3.2,,CTRL,CLOSED,B2,C-26,C,18,31,0,0,0,2,NA,3,8,2,NA
277,S0.2,I3.2,,CTRL,CLOSED,B2,C-27,A,17,21,0,2,0,4,NA,6,13,9,NA
278,S0.2,I3.2,,CTRL,CLOSED,B2,C-27,B,20,15,7,4,0,3,NA,6,13,2,NA
279,S0.2,I3.2,,CTRL,CLOSED,B2,C-27,C,26,33,2,3,0,2,NA,0,2,5,NA
280,S0.2,I3.2,,CTRL,CLOSED,B2,C-28,A,22,30,3,4,0,9,NA,5,8,1,NA
281,S0.2,I3.2,,CTRL,CLOSED,B2,C-28,B,13,19,1,5,1,6,NA,5,10,1,NA
282,S0.2,I3.2,,CTRL,CLOSED,B2,C-28,C,33,36,0,0,0,0,NA,1,0,1,NA
283,S0.2,I3.2,,CTRL,CLOSED,B2,C-29,A,15,14,2,8,0,9,NA,5,15,3,NA
284,S0.2,I3.2,,CTRL,CLOSED,B2,C-29,B,22,28,2,6,0,1,NA,0,9,1,NA
285,S0.2,I3.2,,CTRL,CLOSED,B2,C-29,C,15,17,4,5,0,1,NA,0,2,2,NA
286,S0.2,I3.2,,CTRL,CLOSED,B2,C-30,A,18,31,3,0,0,2,NA,5,6,2,NA
287,S0.2,I3.2,,CTRL,CLOSED,B2,C-30,B,32,33,0,0,1,3,NA,3,6,2,NA
288,S0.2,I3.2,,CTRL,CLOSED,B2,C-30,C,17,34,0,0,2,6,NA,7,6,5,NA
289,S0.3,I4.2,,CTRL,CLOSED,B2,C-19,A,23,33,0,0,0,2,NA,1,0,2,NA
290,S0.3,I4.2,,CTRL,CLOSED,B2,C-19,B,30,21,0,0,0,0,NA,2,2,5,NA
291,S0.3,I4.2,,CTRL,CLOSED,B2,C-19,C,39,27,0,0,0,2,NA,5,3,1,NA
292,S0.3,I4.2,,CTRL,CLOSED,B2,C-20,A,16,20,0,0,2,5,NA,19,3,2,NA
293,S0.3,I4.2,,CTRL,CLOSED,B2,C-20,B,32,27,0,0,0,2,NA,3,1,6,NA
294,S0.3,I4.2,,CTRL,CLOSED,B2,C-20,C,19,23,0,0,0,2,NA,0,0,5,NA
295,S0.3,I4.2,,CTRL,CLOSED,B2,C-21,A,31,30,0,0,0,0,NA,7,0,0,NA
296,S0.3,I4.2,,CTRL,CLOSED,B2,C-21,B,20,26,0,0,0,4,NA,8,5,2,NA
297,S0.3,I4.2,,CTRL,CLOSED,B2,C-21,C,27,27,0,0,0,1,NA,2,6,2,NA
298,S0.3,I4.2,,CTRL,CLOSED,B2,C-22,A,33,33,0,0,1,6,NA,11,5,2,NA
299,S0.3,I4.2,,CTRL,CLOSED,B2,C-22,B,25,19,0,0,1,4,NA,12,0,5,NA
300,S0.3,I4.2,,CTRL,CLOSED,B2,C-22,C,29,24,0,0,0,1,NA,1,3,3,NA
301,S0.3,I4.2,,CTRL,CLOSED,B2,C-23,A,22,20,0,0,0,9,NA,9,0,6,NA
302,S0.3,I4.2,,CTRL,CLOSED,B2,C-23,B,30,32,0,0,1,2,NA,4,4,0,NA
303,S0.3,I4.2,,CTRL,CLOSED,B2,C-23,C,31,23,0,0,0,0,NA,1,3,4,NA
304,S0.3,I4.2,,CTRL,CLOSED,B2,C-24,A,24,21,0,0,0,0,NA,1,2,4,NA
305,S0.3,I4.2,,CTRL,CLOSED,B2,C-24,B,28,27,0,0,0,0,NA,2,0,2,NA
306,S0.3,I4.2,,CTRL,CLOSED,B2,C-24,C,30,19,0,0,0,2,NA,0,0,6,NA
307,S0.3,I4.2,,CTRL,CLOSED,B2,C-25,A,22,23,0,0,0,2,NA,0,0,2,NA
308,S0.3,I4.2,,CTRL,CLOSED,B2,C-25,B,24,26,0,0,0,3,NA,1,0,1,NA
309,S0.3,I4.2,,CTRL,CLOSED,B2,C-25,C,30,18,0,0,1,0,NA,0,1,2,NA
310,S0.3,I4.2,,CTRL,CLOSED,B2,C-26,A,24,26,0,0,0,1,NA,1,1,0,NA
311,S0.3,I4.2,,CTRL,CLOSED,B2,C-26,B,14,24,3,1,0,3,NA,3,1,4,NA
312,S0.3,I4.2,,CTRL,CLOSED,B2,C-26,C,21,15,0,0,0,0,NA,1,0,2,NA
313,S0.3,I4.2,,CTRL,CLOSED,B2,C-27,A,32,23,0,0,0,5,NA,4,0,3,NA
314,S0.3,I4.2,,CTRL,CLOSED,B2,C-27,B,16,35,0,0,0,3,NA,4,1,3,NA
315,S0.3,I4.2,,CTRL,CLOSED,B2,C-27,C,15,29,0,2,0,7,NA,6,0,0,NA
316,S0.3,I4.2,,CTRL,CLOSED,B2,C-28,A,23,39,0,0,0,1,NA,0,0,2,NA
317,S0.3,I4.2,,CTRL,CLOSED,B2,C-28,B,25,34,0,0,1,2,NA,4,0,1,NA
318,S0.3,I4.2,,CTRL,CLOSED,B2,C-28,C,20,26,0,0,0,0,NA,1,1,0,NA
319,S0.3,I4.2,,CTRL,CLOSED,B2,C-29,A,28,28,0,0,0,2,NA,2,2,5,NA
320,S0.3,I4.2,,CTRL,CLOSED,B2,C-29,B,9,25,1,2,0,7,NA,9,11,3,NA
321,S0.3,I4.2,,CTRL,CLOSED,B2,C-29,C,27,16,0,0,0,4,NA,5,11,2,NA
322,S0.3,I4.2,,CTRL,CLOSED,B2,C-30,A,19,19,0,0,0,1,NA,0,0,4,NA
323,S0.3,I4.2,,CTRL,CLOSED,B2,C-30,B,28,29,0,0,0,4,NA,5,1,3,NA
324,S0.3,I4.2,,CTRL,CLOSED,B2,C-30,C,22,28,0,0,0,0,NA,1,0,1,NA
433,S1.1,E7.2,,CTRL,INVAS,B2,C-19,A,39,40,2,2,0,1,0,2,3,1,NA
434,S1.1,E7.2,,CTRL,INVAS,B2,C-19,B,33,34,0,0,0,0,1,3,12,0,NA
435,S1.1,E7.2,,CTRL,INVAS,B2,C-19,C,23,30,0,0,0,0,0,2,6,1,NA
436,S1.1,E7.2,,HW,CLOSED,B2,C-20,A,16,18,0,0,0,1,0,0,22,0,NA
437,S1.1,E7.2,,HW,CLOSED,B2,C-20,B,14,18,0,0,0,2,0,3,22,1,NA
438,S1.1,E7.2,,HW,CLOSED,B2,C-20,C,29,21,2,0,0,0,0,1,5,0,NA
439,S1.1,E7.2,,HW,INVAS,B2,C-21,A,14,15,1,4,0,0,4,6,13,0,NA
440,S1.1,E7.2,,HW,INVAS,B2,C-21,B,10,10,0,4,0,2,1,4,22,2,NA
441,S1.1,E7.2,,HW,INVAS,B2,C-21,C,9,8,0,0,0,0,7,3,25,5,NA
442,S1.1,E7.2,,WARM,CLOSED,B2,C-22,A,13,16,1,0,0,12,0,9,26,7,NA
443,S1.1,E7.2,,WARM,CLOSED,B2,C-22,B,18,20,0,0,0,1,0,3,21,4,NA
444,S1.1,E7.2,,WARM,CLOSED,B2,C-22,C,21,15,0,1,0,2,0,1,42,5,NA
445,S1.1,E7.2,,CTRL,CLOSED,B2,C-23,A,13,22,1,1,0,5,0,8,18,1,NA
446,S1.1,E7.2,,CTRL,CLOSED,B2,C-23,B,22,20,2,2,0,2,0,4,4,5,NA
447,S1.1,E7.2,,CTRL,CLOSED,B2,C-23,C,18,13,3,4,0,2,0,8,14,0,NA
448,S1.1,E7.2,,CTRL,INVAS,B2,C-24,A,28,35,0,0,0,2,0,2,3,1,NA
449,S1.1,E7.2,,CTRL,INVAS,B2,C-24,B,29,40,0,0,0,3,1,5,3,0,NA
450,S1.1,E7.2,,CTRL,INVAS,B2,C-24,C,25,36,0,0,0,10,0,19,11,4,NA
451,S1.1,E7.2,,WARM,INVAS,B2,C-25,A,17,32,0,1,0,0,1,2,4,1,NA
452,S1.1,E7.2,,WARM,INVAS,B2,C-25,B,14,30,1,0,0,3,1,6,0,6,NA
453,S1.1,E7.2,,WARM,INVAS,B2,C-25,C,22,21,0,0,0,0,0,1,15,1,NA
454,S1.1,E7.2,,WARM,CLOSED,B2,C-26,A,21,26,1,2,0,0,0,1,29,0,NA
455,S1.1,E7.2,,WARM,CLOSED,B2,C-26,B,32,39,0,0,0,3,0,1,12,5,NA
456,S1.1,E7.2,,WARM,CLOSED,B2,C-26,C,20,28,0,0,0,1,0,1,6,1,NA
457,S1.1,E7.2,,CTRL,CLOSED,B2,C-27,A,32,24,0,0,0,3,0,1,12,3,NA
458,S1.1,E7.2,,CTRL,CLOSED,B2,C-27,B,35,40,0,0,0,3,1,4,1,2,NA
459,S1.1,E7.2,,CTRL,CLOSED,B2,C-27,C,18,30,0,0,0,5,0,6,12,6,NA
460,S1.1,E7.2,,WARM,INVAS,B2,C-28,A,26,31,0,0,0,0,0,0,4,3,NA
461,S1.1,E7.2,,WARM,INVAS,B2,C-28,B,32,38,0,0,0,0,0,2,7,2,NA
462,S1.1,E7.2,,WARM,INVAS,B2,C-28,C,32,34,0,0,0,3,0,3,0,0,NA
463,S1.1,E7.2,,HW,CLOSED,B2,C-29,A,4,15,0,0,1,4,0,2,27,3,NA
464,S1.1,E7.2,,HW,CLOSED,B2,C-29,B,20,26,1,0,0,1,0,4,12,2,NA
465,S1.1,E7.2,,HW,CLOSED,B2,C-29,C,23,27,1,0,0,0,0,1,9,1,NA
466,S1.1,E7.2,,HW,INVAS,B2,C-30,A,12,19,0,1,0,1,2,4,8,3,NA
467,S1.1,E7.2,,HW,INVAS,B2,C-30,B,0,0,0,0,0,2,5,7,24,1,NA
468,S1.1,E7.2,,HW,INVAS,B2,C-30,C,9,15,1,1,0,0,1,1,24,8,NA
469,S1.2,E10.2,,CTRL,INVAS,B2,C-19,A,12,10,0,0,0,0,0,0,1,1,NA
470,S1.2,E10.2,,CTRL,INVAS,B2,C-19,B,25,15,0,0,0,0,0,0,1,1,NA
471,S1.2,E10.2,,CTRL,INVAS,B2,C-19,C,27,23,0,0,0,0,0,0,0,2,NA
472,S1.2,E10.2,,HW,CLOSED,B2,C-20,A,32,32,0,0,0,0,0,1,9,0,NA
473,S1.2,E10.2,,HW,CLOSED,B2,C-20,B,24,30,0,0,0,1,0,1,9,2,NA
474,S1.2,E10.2,,HW,CLOSED,B2,C-20,C,28,37,0,0,0,0,0,1,9,2,NA
475,S1.2,E10.2,,HW,INVAS,B2,C-21,A,24,36,0,0,0,2,0,2,5,4,NA
476,S1.2,E10.2,,HW,INVAS,B2,C-21,B,24,35,0,0,0,2,0,1,0,0,NA
477,S1.2,E10.2,,HW,INVAS,B2,C-21,C,23,31,1,3,0,0,0,1,5,0,NA
478,S1.2,E10.2,,WARM,CLOSED,B2,C-22,A,4,7,0,0,0,8,0,5,99,6,NA
479,S1.2,E10.2,,WARM,CLOSED,B2,C-22,B,9,6,0,0,0,5,0,5,53,4,NA
480,S1.2,E10.2,,WARM,CLOSED,B2,C-22,C,10,5,0,1,0,3,0,1,59,2,NA
481,S1.2,E10.2,,CTRL,CLOSED,B2,C-23,A,25,32,0,0,0,0,0,3,17,0,NA
482,S1.2,E10.2,,CTRL,CLOSED,B2,C-23,B,32,25,0,0,0,1,0,1,10,0,NA
483,S1.2,E10.2,,CTRL,CLOSED,B2,C-23,C,27,27,0,1,0,0,0,2,6,4,NA
484,S1.2,E10.2,,CTRL,INVAS,B2,C-24,A,31,32,0,0,0,1,0,2,3,1,NA
485,S1.2,E10.2,,CTRL,INVAS,B2,C-24,B,19,34,0,0,0,1,0,1,9,3,NA
486,S1.2,E10.2,,CTRL,INVAS,B2,C-24,C,24,32,0,0,0,0,0,1,5,6,NA
487,S1.2,E10.2,,WARM,INVAS,B2,C-25,A,11,12,2,4,0,1,1,3,16,1,NA
488,S1.2,E10.2,,WARM,INVAS,B2,C-25,B,20,27,1,0,0,2,0,3,26,1,NA
489,S1.2,E10.2,,WARM,INVAS,B2,C-25,C,19,19,1,3,0,5,1,5,39,2,NA
490,S1.2,E10.2,,WARM,CLOSED,B2,C-26,A,22,27,0,0,0,13,0,1,33,2,NA
491,S1.2,E10.2,,WARM,CLOSED,B2,C-26,B,11,31,0,0,0,0,0,0,24,4,NA
492,S1.2,E10.2,,WARM,CLOSED,B2,C-26,C,21,19,0,0,0,2,0,3,38,2,NA
493,S1.2,E10.2,,CTRL,CLOSED,B2,C-27,A,26,27,0,0,0,0,0,0,4,0,NA
494,S1.2,E10.2,,CTRL,CLOSED,B2,C-27,B,28,27,0,0,0,1,0,0,19,3,NA
495,S1.2,E10.2,,CTRL,CLOSED,B2,C-27,C,24,27,0,0,0,0,0,1,10,3,NA
496,S1.2,E10.2,,WARM,INVAS,B2,C-28,A,20,27,0,0,0,0,0,0,2,3,NA
497,S1.2,E10.2,,WARM,INVAS,B2,C-28,B,14,15,0,0,0,0,0,0,3,5,NA
498,S1.2,E10.2,,WARM,INVAS,B2,C-28,C,18,20,0,0,0,0,0,0,0,2,NA
499,S1.2,E10.2,,HW,CLOSED,B2,C-29,A,25,33,0,0,0,3,0,1,40,1,NA
500,S1.2,E10.2,,HW,CLOSED,B2,C-29,B,19,22,1,0,0,9,0,7,34,0,NA
501,S1.2,E10.2,,HW,CLOSED,B2,C-29,C,21,25,0,0,0,5,0,8,42,1,NA
502,S1.2,E10.2,,HW,INVAS,B2,C-30,A,16,32,0,0,0,0,0,0,1,2,NA
503,S1.2,E10.2,,HW,INVAS,B2,C-30,B,14,22,0,0,0,0,1,0,0,0,NA
504,S1.2,E10.2,,HW,INVAS,B2,C-30,C,33,33,1,1,0,2,1,2,9,1,NA
505,S1.3,E13.2,,CTRL,INVAS,B2,C-19,A,28,54,0,0,0,0,1,0,12,0,NA
506,S1.3,E13.2,,CTRL,INVAS,B2,C-19,B,30,36,0,0,0,1,0,1,8,5,NA
507,S1.3,E13.2,,CTRL,INVAS,B2,C-19,C,28,33,0,0,0,1,1,4,8,1,NA
508,S1.3,E13.2,,HW,CLOSED,B2,C-20,A,20,21,0,0,1,0,0,0,42,0,NA
509,S1.3,E13.2,,HW,CLOSED,B2,C-20,B,19,23,0,1,0,1,0,1,40,0,NA
510,S1.3,E13.2,,HW,CLOSED,B2,C-20,C,35,33,0,0,0,0,0,0,20,0,NA
511,S1.3,E13.2,,HW,INVAS,B2,C-21,A,47,51,3,4,0,0,14,14,17,0,NA
512,S1.3,E13.2,,HW,INVAS,B2,C-21,B,35,47,0,0,0,0,0,3,6,0,NA
513,S1.3,E13.2,,HW,INVAS,B2,C-21,C,40,28,2,2,0,0,4,5,7,0,NA
514,S1.3,E13.2,,WARM,CLOSED,B2,C-22,A,14,17,0,0,0,6,0,5,48,0,NA
515,S1.3,E13.2,,WARM,CLOSED,B2,C-22,B,19,24,0,0,0,4,0,3,61,1,NA
516,S1.3,E13.2,,WARM,CLOSED,B2,C-22,C,8,13,2,3,0,2,0,6,61,0,NA
517,S1.3,E13.2,,CTRL,CLOSED,B2,C-23,A,30,30,0,0,0,5,0,6,19,2,NA
518,S1.3,E13.2,,CTRL,CLOSED,B2,C-23,B,26,33,0,0,0,2,0,2,4,0,NA
519,S1.3,E13.2,,CTRL,CLOSED,B2,C-23,C,30,34,1,0,0,6,0,10,51,0,NA
520,S1.3,E13.2,,CTRL,INVAS,B2,C-24,A,37,38,0,0,1,5,0,11,31,0,NA
521,S1.3,E13.2,,CTRL,INVAS,B2,C-24,B,30,32,1,0,0,12,0,19,52,1,NA
522,S1.3,E13.2,,CTRL,INVAS,B2,C-24,C,31,49,0,0,0,3,0,3,14,1,NA
523,S1.3,E13.2,,WARM,INVAS,B2,C-25,A,41,42,0,0,0,1,4,1,8,1,NA
524,S1.3,E13.2,,WARM,INVAS,B2,C-25,B,23,34,0,0,0,0,0,0,11,4,NA
525,S1.3,E13.2,,WARM,INVAS,B2,C-25,C,32,35,0,0,0,0,0,1,19,1,NA
526,S1.3,E13.2,,WARM,CLOSED,B2,C-26,A,25,27,0,0,0,1,0,0,34,2,NA
527,S1.3,E13.2,,WARM,CLOSED,B2,C-26,B,24,12,0,0,0,7,0,4,56,1,NA
528,S1.3,E13.2,,WARM,CLOSED,B2,C-26,C,20,14,0,1,0,2,0,3,51,0,NA
529,S1.3,E13.2,,CTRL,CLOSED,B2,C-27,A,29,33,0,0,0,0,0,2,7,2,NA
530,S1.3,E13.2,,CTRL,CLOSED,B2,C-27,B,27,38,0,0,0,2,0,3,22,0,NA
531,S1.3,E13.2,,CTRL,CLOSED,B2,C-27,C,38,36,0,0,0,2,0,6,11,1,NA
532,S1.3,E13.2,,WARM,INVAS,B2,C-28,A,33,41,0,0,0,0,0,1,4,1,NA
533,S1.3,E13.2,,WARM,INVAS,B2,C-28,B,25,40,0,0,0,0,0,1,3,2,NA
534,S1.3,E13.2,,WARM,INVAS,B2,C-28,C,38,36,0,0,0,0,0,0,0,1,NA
535,S1.3,E13.2,,HW,CLOSED,B2,C-29,A,27,30,0,0,0,0,0,0,41,0,NA
536,S1.3,E13.2,,HW,CLOSED,B2,C-29,B,16,26,0,0,0,0,0,0,60,0,NA
537,S1.3,E13.2,,HW,CLOSED,B2,C-29,C,21,24,0,0,1,2,0,0,68,0,NA
538,S1.3,E13.2,,HW,INVAS,B2,C-30,A,34,37,0,0,0,0,2,1,11,0,NA
539,S1.3,E13.2,,HW,INVAS,B2,C-30,B,35,40,8,3,0,0,0,2,5,1,NA
540,S1.3,E13.2,,HW,INVAS,B2,C-30,C,56,52,0,0,0,0,13,17,5,0,NA
703,S1.4,E16.2,,CTRL,INVAS,B2,C-19,A,15,35,0,0,0,0,0,6,26,1,NA
704,S1.4,E16.2,,CTRL,INVAS,B2,C-19,B,21,19,0,0,0,5,0,5,16,3,NA
705,S1.4,E16.2,,CTRL,INVAS,B2,C-19,C,31,23,0,0,0,3,0,4,8,0,NA
706,S1.4,E16.2,,HW,CLOSED,B2,C-20,A,5,15,0,0,0,3,0,5,35,0,NA
707,S1.4,E16.2,,HW,CLOSED,B2,C-20,B,8,11,0,0,0,2,0,0,64,0,NA
708,S1.4,E16.2,,HW,CLOSED,B2,C-20,C,7,12,0,0,0,0,0,1,43,0,NA
709,S1.4,E16.2,,HW,INVAS,B2,C-21,A,16,22,0,0,0,1,4,5,27,0,NA
710,S1.4,E16.2,,HW,INVAS,B2,C-21,B,15,15,0,0,0,0,7,5,30,0,NA
711,S1.4,E16.2,,HW,INVAS,B2,C-21,C,12,9,0,2,1,1,19,21,37,1,NA
712,S1.4,E16.2,,WARM,CLOSED,B2,C-22,A,2,5,0,0,0,6,0,10,61,0,NA
713,S1.4,E16.2,,WARM,CLOSED,B2,C-22,B,2,0,1,0,0,4,0,13,65,1,NA
714,S1.4,E16.2,,WARM,CLOSED,B2,C-22,C,3,3,0,1,0,1,0,3,86,2,NA
715,S1.4,E16.2,,CTRL,CLOSED,B2,C-23,A,17,35,0,0,0,10,0,19,21,1,NA
716,S1.4,E16.2,,CTRL,CLOSED,B2,C-23,B,21,23,2,2,0,3,0,7,45,0,NA
717,S1.4,E16.2,,CTRL,CLOSED,B2,C-23,C,44,37,0,0,0,5,0,5,16,0,NA
718,S1.4,E16.2,,CTRL,INVAS,B2,C-24,A,28,36,0,0,0,4,0,4,11,0,NA
719,S1.4,E16.2,,CTRL,INVAS,B2,C-24,B,26,35,1,2,0,7,0,9,13,2,NA
720,S1.4,E16.2,,CTRL,INVAS,B2,C-24,C,39,35,0,0,0,2,0,6,21,0,NA
721,S1.4,E16.2,,WARM,INVAS,B2,C-25,A,8,9,1,2,0,2,0,3,62,0,NA
722,S1.4,E16.2,,WARM,INVAS,B2,C-25,B,4,3,1,1,0,1,1,3,67,0,NA
723,S1.4,E16.2,,WARM,INVAS,B2,C-25,C,5,6,3,1,0,1,1,0,56,2,NA
724,S1.4,E16.2,,WARM,CLOSED,B2,C-26,A,6,3,0,0,0,3,0,6,74,0,NA
725,S1.4,E16.2,,WARM,CLOSED,B2,C-26,B,1,1,1,1,0,1,0,3,46,1,NA
726,S1.4,E16.2,,WARM,CLOSED,B2,C-26,C,1,1,7,6,0,1,0,0,84,0,NA
727,S1.4,E16.2,,CTRL,CLOSED,B2,C-27,A,17,24,0,0,0,4,0,1,12,2,NA
728,S1.4,E16.2,,CTRL,CLOSED,B2,C-27,B,25,17,1,2,0,8,0,9,34,2,NA
729,S1.4,E16.2,,CTRL,CLOSED,B2,C-27,C,25,21,0,4,0,9,0,18,35,3,NA
730,S1.4,E16.2,,WARM,INVAS,B2,C-28,A,43,30,2,0,0,1,1,5,13,2,NA
731,S1.4,E16.2,,WARM,INVAS,B2,C-28,B,21,35,0,0,0,0,0,0,9,2,NA
732,S1.4,E16.2,,WARM,INVAS,B2,C-28,C,26,38,0,0,0,0,0,0,15,0,NA
733,S1.4,E16.2,,HW,CLOSED,B2,C-29,A,1,2,0,0,0,1,0,1,60,0,NA
734,S1.4,E16.2,,HW,CLOSED,B2,C-29,B,0,0,0,0,1,0,0,0,78,0,NA
735,S1.4,E16.2,,HW,CLOSED,B2,C-29,C,0,0,0,0,0,3,0,1,64,0,NA
736,S1.4,E16.2,,HW,INVAS,B2,C-30,A,2,3,0,0,0,0,4,2,61,0,NA
737,S1.4,E16.2,,HW,INVAS,B2,C-30,B,4,0,0,0,0,0,8,14,50,0,NA
738,S1.4,E16.2,,HW,INVAS,B2,C-30,C,3,2,0,0,0,1,7,7,69,0,NA
739,S1.5,E19.2,,CTRL,INVAS,B2,C-19,A,42,45,0,0,0,0,3,2,17,0,NA
740,S1.5,E19.2,,CTRL,INVAS,B2,C-19,B,13,19,0,0,0,7,1,8,39,3,NA
741,S1.5,E19.2,,CTRL,INVAS,B2,C-19,C,25,33,0,0,0,6,0,4,55,2,NA
742,S1.5,E19.2,,HW,CLOSED,B2,C-20,A,1,1,4,2,0,0,0,0,70,1,NA
743,S1.5,E19.2,,HW,CLOSED,B2,C-20,B,5,0,0,0,0,0,0,1,87,0,NA
744,S1.5,E19.2,,HW,CLOSED,B2,C-20,C,5,6,0,0,0,1,0,0,86,0,NA
745,S1.5,E19.2,,HW,INVAS,B2,C-21,A,35,23,0,0,0,0,2,4,8,0,NA
746,S1.5,E19.2,,HW,INVAS,B2,C-21,B,12,21,0,0,1,0,2,1,56,0,NA
747,S1.5,E19.2,,HW,INVAS,B2,C-21,C,22,28,0,0,0,0,1,0,21,0,NA
748,S1.5,E19.2,,WARM,CLOSED,B2,C-22,A,2,1,0,0,0,2,0,0,51,0,NA
749,S1.5,E19.2,,WARM,CLOSED,B2,C-22,B,1,5,0,1,0,6,0,6,98,1,NA
750,S1.5,E19.2,,WARM,CLOSED,B2,C-22,C,2,1,1,0,0,3,0,9,79,1,NA
751,S1.5,E19.2,,CTRL,CLOSED,B2,C-23,A,32,32,1,0,0,1,0,6,55,2,NA
752,S1.5,E19.2,,CTRL,CLOSED,B2,C-23,B,10,8,2,2,0,6,0,11,74,1,NA
753,S1.5,E19.2,,CTRL,CLOSED,B2,C-23,C,16,23,0,1,0,5,0,7,62,0,NA
754,S1.5,E19.2,,CTRL,INVAS,B2,C-24,A,18,16,1,0,0,3,0,7,67,1,NA
755,S1.5,E19.2,,CTRL,INVAS,B2,C-24,B,21,27,2,0,0,8,2,10,75,0,NA
756,S1.5,E19.2,,CTRL,INVAS,B2,C-24,C,8,20,0,0,0,9,0,11,45,2,NA
757,S1.5,E19.2,,WARM,INVAS,B2,C-25,A,1,4,0,1,0,3,3,0,51,2,NA
758,S1.5,E19.2,,WARM,INVAS,B2,C-25,B,5,2,0,1,0,3,1,1,64,2,NA
759,S1.5,E19.2,,WARM,INVAS,B2,C-25,C,12,2,0,0,0,0,1,1,52,0,NA
760,S1.5,E19.2,,WARM,CLOSED,B2,C-26,A,1,5,6,2,0,0,0,1,79,1,NA
761,S1.5,E19.2,,WARM,CLOSED,B2,C-26,B,0,0,4,4,0,1,0,2,56,0,NA
762,S1.5,E19.2,,WARM,CLOSED,B2,C-26,C,1,5,0,0,0,0,0,0,65,0,NA
763,S1.5,E19.2,,CTRL,CLOSED,B2,C-27,A,7,9,1,0,0,11,0,10,88,0,NA
764,S1.5,E19.2,,CTRL,CLOSED,B2,C-27,B,11,6,1,2,0,6,0,13,87,0,NA
765,S1.5,E19.2,,CTRL,CLOSED,B2,C-27,C,5,17,3,3,0,11,0,5,99,1,NA
766,S1.5,E19.2,,WARM,INVAS,B2,C-28,A,21,27,0,0,0,0,0,2,21,2,NA
767,S1.5,E19.2,,WARM,INVAS,B2,C-28,B,20,29,0,0,0,1,1,5,33,0,NA
768,S1.5,E19.2,,WARM,INVAS,B2,C-28,C,19,17,1,0,0,0,1,3,35,2,NA
769,S1.5,E19.2,,HW,CLOSED,B2,C-29,A,4,4,0,0,0,0,0,0,52,1,NA
770,S1.5,E19.2,,HW,CLOSED,B2,C-29,B,1,3,0,0,0,0,0,0,63,1,NA
771,S1.5,E19.2,,HW,CLOSED,B2,C-29,C,1,1,0,0,0,0,0,1,55,0,NA
772,S1.5,E19.2,,HW,INVAS,B2,C-30,A,14,12,1,3,0,0,2,4,48,1,NA
773,S1.5,E19.2,,HW,INVAS,B2,C-30,B,19,15,1,0,0,0,1,0,30,0,NA
774,S1.5,E19.2,,HW,INVAS,B2,C-30,C,34,39,0,0,0,0,1,0,52,1,NA
775,S1.6,E22.2,,CTRL,INVAS,B2,C-19,A,27,45,1,5,0,1,3,5,50,2,NA
776,S1.6,E22.2,,CTRL,INVAS,B2,C-19,B,46,37,0,0,0,3,0,7,35,2,NA
777,S1.6,E22.2,,CTRL,INVAS,B2,C-19,C,35,41,1,0,0,3,1,15,54,2,NA
778,S1.6,E22.2,,HW,CLOSED,B2,C-20,A,8,14,0,1,0,0,0,0,61,0,NA
779,S1.6,E22.2,,HW,CLOSED,B2,C-20,B,9,5,1,0,0,0,0,0,64,0,NA
780,S1.6,E22.2,,HW,CLOSED,B2,C-20,C,25,20,0,0,0,0,0,0,25,0,NA
781,S1.6,E22.2,,HW,INVAS,B2,C-21,A,25,29,0,0,0,0,0,0,10,1,NA
782,S1.6,E22.2,,HW,INVAS,B2,C-21,B,32,39,0,0,0,0,2,5,18,0,NA
783,S1.6,E22.2,,HW,INVAS,B2,C-21,C,30,43,0,0,0,0,8,13,12,0,NA
784,S1.6,E22.2,,WARM,CLOSED,B2,C-22,A,13,9,0,0,0,8,0,6,94,3,NA
785,S1.6,E22.2,,WARM,CLOSED,B2,C-22,B,17,14,0,0,0,9,0,5,61,3,NA
786,S1.6,E22.2,,WARM,CLOSED,B2,C-22,C,6,7,1,0,1,3,0,1,48,4,NA
787,S1.6,E22.2,,CTRL,CLOSED,B2,C-23,A,34,47,0,0,0,5,0,12,89,0,NA
788,S1.6,E22.2,,CTRL,CLOSED,B2,C-23,B,24,33,1,1,0,6,0,9,55,0,NA
789,S1.6,E22.2,,CTRL,CLOSED,B2,C-23,C,43,39,0,0,0,18,0,11,53,2,NA
790,S1.6,E22.2,,CTRL,INVAS,B2,C-24,A,33,26,1,1,0,14,1,13,56,1,NA
791,S1.6,E22.2,,CTRL,INVAS,B2,C-24,B,26,31,0,0,0,7,5,11,70,0,NA
792,S1.6,E22.2,,CTRL,INVAS,B2,C-24,C,40,41,0,0,0,3,1,7,74,3,NA
793,S1.6,E22.2,,WARM,INVAS,B2,C-25,A,3,3,0,0,0,0,0,1,59,0,NA
794,S1.6,E22.2,,WARM,INVAS,B2,C-25,B,5,9,0,1,0,6,2,5,89,1,NA
795,S1.6,E22.2,,WARM,INVAS,B2,C-25,C,12,6,0,0,0,0,2,0,96,1,NA
796,S1.6,E22.2,,WARM,CLOSED,B2,C-26,A,24,19,0,0,1,8,0,9,23,11,NA
797,S1.6,E22.2,,WARM,CLOSED,B2,C-26,B,10,8,0,0,0,4,0,5,97,1,NA
798,S1.6,E22.2,,WARM,CLOSED,B2,C-26,C,4,4,0,1,0,12,0,10,44,2,NA
799,S1.6,E22.2,,CTRL,CLOSED,B2,C-27,A,5,7,0,0,0,4,0,4,110,4,NA
800,S1.6,E22.2,,CTRL,CLOSED,B2,C-27,B,2,7,1,1,0,3,0,2,94,3,NA
801,S1.6,E22.2,,CTRL,CLOSED,B2,C-27,C,44,38,0,0,0,7,0,5,77,0,NA
802,S1.6,E22.2,,WARM,INVAS,B2,C-28,A,32,37,0,0,0,1,0,3,40,1,NA
803,S1.6,E22.2,,WARM,INVAS,B2,C-28,B,27,32,0,0,0,0,0,2,19,0,NA
804,S1.6,E22.2,,WARM,INVAS,B2,C-28,C,33,32,0,0,0,0,0,3,31,1,NA
805,S1.6,E22.2,,HW,CLOSED,B2,C-29,A,23,16,0,0,0,0,0,0,47,0,NA
806,S1.6,E22.2,,HW,CLOSED,B2,C-29,B,8,11,0,0,0,0,0,0,85,0,NA
807,S1.6,E22.2,,HW,CLOSED,B2,C-29,C,8,18,0,0,0,0,0,0,70,0,NA
808,S1.6,E22.2,,HW,INVAS,B2,C-30,A,13,21,0,0,0,0,2,3,47,0,NA
809,S1.6,E22.2,,HW,INVAS,B2,C-30,B,21,33,1,0,0,0,5,8,21,1,NA
810,S1.6,E22.2,,HW,INVAS,B2,C-30,C,35,35,0,0,0,0,1,1,33,0,NA